oci,direction,citing_omid,citing_doi,citing_pmid,citing_isbn,citing_pub_date,cited_omid,cited_doi,cited_pmid,cited_isbn,cited_pub_date
oci:064207645-0610735176,outbound,omid:br/064207645,doi:10.1007/s12371-022-00717-5,,,2022-06-28,omid:br/0610735176,doi:10.1006/jema.1998.0208,,,1998-06
oci:061402065931-0613066601,internal,omid:br/061402065931,doi:10.1038/s43247-022-00484-9,,,2022-06-30,omid:br/0613066601,doi:10.1002/esp.4920,,,2020-07-04
oci:06260405907-06903346158,outbound,omid:br/06260405907,doi:10.1108/ijrdm-10-2021-0509,,,2022-06-28,omid:br/06903346158,doi:10.1509/jm.12.0020,,,2014-01
oci:061702616952-0660398258,inbound,omid:br/061702616952,doi:10.1038/s41598-022-15061-5,pmid:35764780,,2022-06-28,omid:br/0660398258,doi:10.1016/j.jhep.2018.03.019,pmid:30739718,,2018-07
oci:06801448990-06402513036,outbound,omid:br/06801448990,doi:10.1007/s00415-022-11226-4,pmid:35763113,,2022-06-28,omid:br/06402513036,doi:10.1212/wnl.0000000000006640,pmid:30446596,,2018-11-16
oci:061702616779-06502253509,inbound,omid:br/061702616779,doi:10.1038/s41598-022-15279-3,pmid:35773312,,2022-06-30,omid:br/06502253509,doi:10.1093/jnci/djr516,pmid:22286212,,2012-01-27
oci:061702616816-06190299097,outbound,omid:br/061702616816,doi:10.1038/s41598-022-15076-y,pmid:35773462,,2022-06-30,omid:br/06190299097,doi:10.1093/gbe/evw018,pmid:26868596,,2016-02-11
oci:06901499356-062602276127,outbound,omid:br/06901499356,doi:10.1038/s41419-022-05028-9,pmid:35773274,,2022-06,omid:br/062602276127,doi:10.1158/1078-0432.ccr-14-1200,pmid:25813021,,2015-07-14
oci:06901326456-0660484121,inbound,omid:br/06901326456,doi:10.1038/s41467-022-31344-x,pmid:35764638,,2022-06-28,omid:br/0660484121,doi:10.1126/science.1233151,pmid:23845947,,2013-08-23
oci:061402065931-06190686713,outbound,omid:br/061402065931,doi:10.1038/s43247-022-00484-9,,,2022-06-30,omid:br/06190686713,doi:10.1017/jog.2017.71,,,2017-11-27
oci:061402065931-06803976440,outbound,omid:br/061402065931,doi:10.1038/s43247-022-00484-9,,,2022-06-30,omid:br/06803976440,doi:10.7265/n5-rgi-60,,,
oci:06602117402-061701447467,inbound,omid:br/06602117402,doi:10.1021/acs.molpharmaceut.2c00353,pmid:35771950,,2022-06-30,omid:br/061701447467,doi:10.1007/s00259-018-4171-4,pmid:30291373,,2018-10-05
oci:06203483198-061202120754,inbound,omid:br/06203483198,doi:10.1007/s40519-022-01403-9,pmid:35763245,,2022-06-28,omid:br/061202120754,doi:10.1056/nejmoa1411892,pmid:26132939,,2015-07-02
oci:061601368859-061301080998,outbound,omid:br/061601368859,doi:10.1002/jbm.a.37421,pmid:35770805,,2022-06-30,omid:br/061301080998,doi:10.1002/jbmr.5650080512,pmid:8511988,,2009-12-03
oci:061702616860-06230795377,outbound,omid:br/061702616860,doi:10.1038/s41598-022-14747-0,pmid:35768460,,2022-06-29,omid:br/06230795377,doi:10.1016/s0304-3940(99)00565-0,,,1999-08
oci:061302063377-0650466650,inbound,omid:br/061302063377,doi:10.1016/j.heliyon.2022.e09849,pmid:35855980,,2022-07,omid:br/0650466650,doi:10.1016/j.jpowsour.2017.03.109,pmid:28717261,,2017-07
oci:061301872142-061401863170,inbound,omid:br/061301872142,doi:10.1002/pc.26832,,,2022-06-28,omid:br/061401863170,doi:10.1002/pc.25540,,,2020-02-07
oci:062203427037-061901297390,inbound,omid:br/062203427037,doi:10.1051/0004-6361/202141640,,,2022-09,omid:br/061901297390,doi:10.1088/0067-0049/197/1/6,,,2011-10-10
oci:061702616816-06170568532,outbound,omid:br/061702616816,doi:10.1038/s41598-022-15076-y,pmid:35773462,,2022-06-30,omid:br/06170568532,doi:10.1093/bioinformatics/btp163,pmid:19304878,,2009-03-20
oci:061402065931-06220343217,outbound,omid:br/061402065931,doi:10.1038/s43247-022-00484-9,,,2022-06-30,omid:br/06220343217,doi:10.1038/nature09618,pmid:21150994,,2010-12
oci:0640290571-0670153107,outbound,omid:br/0640290571,doi:10.1016/j.jbusres.2022.06.028,,,2022-11,omid:br/0670153107,doi:10.1504/ijecrm.2011.039797,,,2011
oci:06230819243-0620656016,inbound,omid:br/06230819243,doi:10.1016/j.semcancer.2022.06.007,pmid:35760272,,2022-06,omid:br/0620656016,doi:10.1021/acsnano.5b07375,pmid:26745323,,2016-02-09
oci:062103511100-061701214915,outbound,omid:br/062103511100,doi:10.1016/j.ejvs.2022.06.019,,,2022-12,omid:br/061701214915,doi:10.1016/j.jvs.2020.10.004,pmid:33068767,,2021-05
oci:062303451926-06403470503,inbound,omid:br/062303451926,doi:10.3390/antiox11071312,pmid:35883803,,2022-06-30,omid:br/06403470503,doi:10.1016/j.foodchem.2013.05.102,pmid:23871027,,2013-12
oci:06801448990-06702160111,outbound,omid:br/06801448990,doi:10.1007/s00415-022-11226-4,pmid:35763113,,2022-06-28,omid:br/06702160111,doi:10.1186/s10194-021-01364-x,pmid:34895133,,2021-12
oci:0634031974-0660786010,inbound,omid:br/0634031974,doi:10.1016/j.tws.2022.109622,,,2022-10,omid:br/0660786010,doi:10.1080/15376494.2019.1655613,,,2019-09-11
oci:061401868410-06160273171,inbound,omid:br/061401868410,doi:10.1007/978-3-030-63713-2_61,,,2022,omid:br/06160273171,doi:10.1016/j.ccr.2018.04.011,,,2018-07
oci:06110126134-06190616820,inbound,omid:br/06110126134,doi:10.1016/j.cplett.2022.139818,,,2022-09,omid:br/06190616820,doi:10.1016/j.chroma.2005.09.010,pmid:16188264,,2005-12
oci:06901326477-06503019882,outbound,omid:br/06901326477,doi:10.1038/s41467-022-31331-2,pmid:35764645,,2022-06-28,omid:br/06503019882,doi:10.1038/ng.3984,pmid:29083409,,2017-10-30
oci:062503119989-06120487107,inbound,omid:br/062503119989,doi:10.1016/j.ppnp.2022.103983,,,2022-06,omid:br/06120487107,doi:10.3847/2041-8213/aa91c9,,,2017-10-16
oci:062103511100-061701215127,outbound,omid:br/062103511100,doi:10.1016/j.ejvs.2022.06.019,,,2022-12,omid:br/061701215127,doi:10.1016/j.jvs.2020.06.011,pmid:32615285,,2021-01
oci:061301836997-062401513694,inbound,omid:br/061301836997,doi:10.1016/j.mtchem.2022.101022,,,2022-12,omid:br/062401513694,doi:10.1021/jacs.7b13620,pmid:29498848,,2018-03-02
oci:0620785802-061403122551,inbound,omid:br/0620785802,doi:10.1007/s11756-022-01147-y,pmid:35789756,,2022-06-28,omid:br/061403122551,doi:10.1099/ijsem.0.004107,pmid:32293557,,2020-04-01
oci:0640290571-061901210011,outbound,omid:br/0640290571,doi:10.1016/j.jbusres.2022.06.028,,,2022-11,omid:br/061901210011,doi:10.1362/026725706776022272,,,2006-02
oci:061702616860-062402093189,outbound,omid:br/061702616860,doi:10.1038/s41598-022-14747-0,pmid:35768460,,2022-06-29,omid:br/062402093189,doi:10.1016/j.biopsycho.2004.03.009,pmid:15130533,,2004-10
oci:0640290571-06401207091,outbound,omid:br/0640290571,doi:10.1016/j.jbusres.2022.06.028,,,2022-11,omid:br/06401207091,doi:10.1080/0267257x.1994.9964304,,,1994-10
oci:06401506250-06502601604,inbound,omid:br/06401506250,doi:10.1016/j.jinorgbio.2022.111909,pmid:35810526,,2022-10,omid:br/06502601604,doi:10.1021/om020531r,,,2002-09-20
oci:06170362878-06702349299,inbound,omid:br/06170362878,doi:10.1007/s11069-022-05448-y,pmid:35791360,,2022-06-30,omid:br/06702349299,doi:10.1007/s12303-017-0034-4,,,2017-12
oci:0612071151-0612071288,inbound,omid:br/0612071151,doi:10.1111/clr.13966,pmid:35763401,,2022-07-11,omid:br/0612071288,doi:10.1111/clr.13798,pmid:34145925,,2021-10
oci:061402065931-061802806269,outbound,omid:br/061402065931,doi:10.1038/s43247-022-00484-9,,,2022-06-30,omid:br/061802806269,doi:10.1002/2016gl071579,,,2016-12-15
oci:061803435984-06150955141,outbound,omid:br/061803435984,doi:10.1029/2021wr031760,,,2022-08,omid:br/06150955141,doi:10.1016/j.rser.2017.06.097,,,2018-01
oci:061701948985-061501816587,inbound,omid:br/061701948985,doi:10.1038/s41550-022-01711-1,,,2022-06-30,omid:br/061501816587,doi:10.1093/mnras/stab1755,,,2021-06-22
oci:062501323144-061601639732,inbound,omid:br/062501323144,doi:10.1007/978-3-031-05828-8_2,,,2022,omid:br/061601639732,doi:10.17645/pag.v7i4.2090,,,2019-10-28
oci:061402065931-06802464970,outbound,omid:br/061402065931,doi:10.1038/s43247-022-00484-9,,,2022-06-30,omid:br/06802464970,doi:10.5194/hess-22-1-2018,,,2018-01-03
oci:06210444401-06202265043,inbound,omid:br/06210444401,doi:10.1002/net.22115,,,2022-06-29,omid:br/06202265043,doi:10.1007/s13676-013-0020-6,,,2013-05
oci:0640290571-0641042677,outbound,omid:br/0640290571,doi:10.1016/j.jbusres.2022.06.028,,,2022-11,omid:br/0641042677,doi:10.1111/ijcs.12695,,,2021-05-12
oci:061901854452-061401707282,inbound,omid:br/061901854452,doi:10.1016/j.dark.2022.101088,,,2022-09,omid:br/061401707282,doi:10.1051/0004-6361/201833910,,,2020-09
oci:06401733032-0680322104,inbound,omid:br/06401733032,doi:10.1007/978-3-030-83624-5_9,,,2022,omid:br/0680322104,doi:10.1109/tifs.2012.2215326,,,2012-12
oci:06901326408-06801167801,inbound,omid:br/06901326408,doi:10.1038/s41467-022-31116-7,pmid:35773248,,2022-06-30,omid:br/06801167801,doi:10.1017/rdc.2020.41,,,2020-08
oci:061402065931-06601320171,outbound,omid:br/061402065931,doi:10.1038/s43247-022-00484-9,,,2022-06-30,omid:br/06601320171,doi:10.1038/s41467-019-09547-6,pmid:30962430,,2019-04-08
oci:0640290571-062301322558,outbound,omid:br/0640290571,doi:10.1016/j.jbusres.2022.06.028,,,2022-11,omid:br/062301322558,doi:10.1002/asi.21419,,,2010-12
oci:0634031984-0690161458,inbound,omid:br/0634031984,doi:10.1016/j.tws.2022.109638,,,2022-10,omid:br/0690161458,doi:10.1016/j.jsv.2016.06.013,,,2016-10
oci:062202664267-06901545304,outbound,omid:br/062202664267,doi:10.1002/adsc.202200589,,,2022-07-18,omid:br/06901545304,doi:10.1021/acs.jpcc.0c03341,,,2020-06-23
oci:062203427037-06160743124,inbound,omid:br/062203427037,doi:10.1051/0004-6361/202141640,,,2022-09,omid:br/06160743124,doi:10.1007/s10686-014-9383-4,,,2014-09-04
oci:06160181593-061103300275,inbound,omid:br/06160181593,doi:10.1007/s40746-022-00251-0,,,2022-06-29,omid:br/061103300275,doi:10.1016/j.jinf.2017.10.009,pmid:29079323,,2018-01
oci:062103511100-06210875700,outbound,omid:br/062103511100,doi:10.1016/j.ejvs.2022.06.019,,,2022-12,omid:br/06210875700,doi:10.1016/j.ejvs.2019.10.003,pmid:31870689,,2020-04
oci:061102804897-0640297525,inbound,omid:br/061102804897,doi:10.1007/s00253-022-12029-3,pmid:35763069,,2022-06,omid:br/0640297525,doi:10.3389/fmicb.2015.00556,pmid:26113842,,2015-06-10
oci:06801448990-06150957929,internal,omid:br/06801448990,doi:10.1007/s00415-022-11226-4,pmid:35763113,,2022-06-28,omid:br/06150957929,doi:10.1111/head.14194,pmid:34309862,,2021-07-26
oci:06901326477-06250349752,outbound,omid:br/06901326477,doi:10.1038/s41467-022-31331-2,pmid:35764645,,2022-06-28,omid:br/06250349752,doi:10.1038/nature08617,pmid:19935646,,2009-11-22
oci:0640290571-06110290947,outbound,omid:br/0640290571,doi:10.1016/j.jbusres.2022.06.028,,,2022-11,omid:br/06110290947,doi:10.1016/j.jbusres.2009.07.003,,,2010-08
oci:061502458394-061703346123,inbound,omid:br/061502458394,doi:10.1016/j.chemosphere.2022.135573,pmid:35797912,,2022-11,omid:br/061703346123,doi:10.1016/j.wasman.2020.06.011,pmid:32570156,,2020-07
oci:0640290571-0650286502,outbound,omid:br/0640290571,doi:10.1016/j.jbusres.2022.06.028,,,2022-11,omid:br/0650286502,doi:10.1016/j.jbusres.2021.05.005,,,2021-09
oci:061702616816-061101476307,outbound,omid:br/061702616816,doi:10.1038/s41598-022-15076-y,pmid:35773462,,2022-06-30,omid:br/061101476307,doi:10.1186/1471-2148-10-50,pmid:20167078,,2010
oci:0640290571-061501018083,outbound,omid:br/0640290571,doi:10.1016/j.jbusres.2022.06.028,,,2022-11,omid:br/061501018083,doi:10.1016/j.jsis.2007.05.001,,,2007-09
oci:06140978133-062101692304,inbound,omid:br/06140978133,doi:10.1016/j.scitotenv.2022.157070,pmid:35780901,,2022-10,omid:br/062101692304,doi:10.1128/aac.02134-16,pmid:28031199,,2017-03
oci:0660610440-06120958789,outbound,omid:br/0660610440,doi:10.1016/j.dld.2022.06.005,pmid:35778229,,2022-06,omid:br/06120958789,doi:10.1016/j.cgh.2017.08.016,pmid:28826680,,2018-03
oci:06220580562-06170739213,inbound,omid:br/06220580562,doi:10.1016/j.actbio.2022.06.032,pmid:35779773,,2022-09,omid:br/06170739213,doi:10.1016/j.knee.2014.10.001,pmid:25482347,,2015-01
oci:061903445404-06120909872,inbound,omid:br/061903445404,doi:10.1002/ange.202203444,,,2022-08-08,omid:br/06120909872,doi:10.3109/10715762.2014.996146,pmid:25511471,,2015-02-07
oci:06401733030-0680105895,internal,omid:br/06401733030,doi:10.1007/978-3-030-83624-5_7,,,2022,omid:br/0680105895,doi:10.1109/tpami.2006.20,,,2006-01
oci:061601254970-06110299890,inbound,omid:br/061601254970,doi:10.1096/fj.202200369r,pmid:35766190,,2022-06-29,omid:br/06110299890,doi:10.1172/jci.insight.96560,pmid:29263295,,2017-12-21
oci:06703938603-0690550943,inbound,omid:br/06703938603,doi:10.3758/s13414-022-02572-6,pmid:36207662,,2022-10-07,omid:br/0690550943,doi:10.3758/s13414-013-0614-y,pmid:24402699,,2014-01-09
oci:064207645-061203072939,outbound,omid:br/064207645,doi:10.1007/s12371-022-00717-5,,,2022-06-28,omid:br/061203072939,doi:10.1111/ecog.03905,,,2018-10-17
oci:061501268922-061501664143,inbound,omid:br/061501268922,doi:10.1007/s10388-022-00933-6,pmid:35768671,,2022-06-29,omid:br/061501664143,doi:10.1111/nmo.13116,pmid:28543861,,2017-05-25
oci:06801141604-06801142517,inbound,omid:br/06801141604,doi:10.1002/cpt.2696,pmid:35766413,,2022-07-22,omid:br/06801142517,doi:10.1002/cpt.1647,pmid:31709525,,2019-11-10
oci:061201804806-06603203508,outbound,omid:br/061201804806,doi:10.2478/ejthr-2021-0025,,,2021-12-01,omid:br/06603203508,doi:10.1136/bmj.a1344,pmid:18786971,,2008-09-11
oci:061401868410-06402227938,inbound,omid:br/061401868410,doi:10.1007/978-3-030-63713-2_61,,,2022,omid:br/06402227938,doi:10.1016/j.coelec.2017.12.005,,,2018-03
oci:06803957105-06103821912,inbound,omid:br/06803957105,doi:10.1109/jiot.2022.3187067,,,2022-11-15,omid:br/06103821912,doi:10.1109/metroagrifor50201.2020.9277630,,,2020-11-04
oci:06803455726-062303044382,inbound,omid:br/06803455726,doi:10.1016/j.foodchem.2022.133591,pmid:35780667,,2022-11,omid:br/062303044382,doi:10.1016/j.foodchem.2017.05.041,pmid:28554647,,2017-11
oci:062203427019-061801809035,inbound,omid:br/062203427019,doi:10.1051/0004-6361/202142475,,,2022-10,omid:br/061801809035,doi:10.1093/mnras/staa2747,,,2020-09-10
oci:06303511932-06203167859,outbound,omid:br/06303511932,doi:10.1016/j.strueco.2022.06.013,,,2022-07,omid:br/06203167859,doi:10.1086/261013,,,1981-10
oci:06801141604-06901357507,inbound,omid:br/06801141604,doi:10.1002/cpt.2696,pmid:35766413,,2022-07-22,omid:br/06901357507,doi:10.1109/tbme.2004.827344,pmid:15248528,,2004-07
oci:064207645-061102215058,outbound,omid:br/064207645,doi:10.1007/s12371-022-00717-5,,,2022-06-28,omid:br/061102215058,doi:10.1007/978-3-319-90747-5_58,,,2018-07-05
oci:0690929967-061102416743,inbound,omid:br/0690929967,doi:10.1016/j.saa.2022.121570,pmid:35779474,,2022-11,omid:br/061102416743,doi:10.1177/039139880602900409,pmid:16705608,,2006-04
oci:06303954743-06260738926,outbound,omid:br/06303954743,doi:10.1016/j.animal.2022.100654,,,2022-11,omid:br/06260738926,doi:10.1186/s40813-017-0063-4,pmid:28794894,,2017-08-08
oci:064207645-06901174317,outbound,omid:br/064207645,doi:10.1007/s12371-022-00717-5,,,2022-06-28,omid:br/06901174317,doi:10.1017/s0033822200041692,,,2001
oci:06303511932-061803310084,outbound,omid:br/06303511932,doi:10.1016/j.strueco.2022.06.013,,,2022-07,omid:br/061803310084,doi:10.2307/2111666,,,1995-11
oci:0660610440-06260939938,outbound,omid:br/0660610440,doi:10.1016/j.dld.2022.06.005,pmid:35778229,,2022-06,omid:br/06260939938,doi:10.1038/s41395-018-0398-8,pmid:30385831,,2018-12
oci:061803435984-061102816591,outbound,omid:br/061803435984,doi:10.1029/2021wr031760,,,2022-08,omid:br/061102816591,doi:10.1016/j.petrol.2019.04.104,,,2019-08
oci:06901499356-061301804069,outbound,omid:br/06901499356,doi:10.1038/s41419-022-05028-9,pmid:35773274,,2022-06,omid:br/061301804069,doi:10.1038/s12276-020-0375-3,pmid:31980738,,2020-01
oci:061701948983-06302190421,inbound,omid:br/061701948983,doi:10.1038/s41550-022-01719-7,,,2022-07-04,omid:br/06302190421,doi:10.1093/mnras/stx3304,,,2017-12-22
oci:06303511932-06801415384,outbound,omid:br/06303511932,doi:10.1016/j.strueco.2022.06.013,,,2022-07,omid:br/06801415384,doi:10.1080/14765284.2017.1287539,,,2017-01-02
oci:061601368859-06210269971,outbound,omid:br/061601368859,doi:10.1002/jbm.a.37421,pmid:35770805,,2022-06-30,omid:br/06210269971,doi:10.1016/j.joen.2012.10.009,pmid:23611385,,2013-05
oci:0640290571-0610152153,outbound,omid:br/0640290571,doi:10.1016/j.jbusres.2022.06.028,,,2022-11,omid:br/0610152153,doi:10.1016/j.dss.2012.05.011,,,2012-11
oci:06901499356-061901985841,outbound,omid:br/06901499356,doi:10.1038/s41419-022-05028-9,pmid:35773274,,2022-06,omid:br/061901985841,doi:10.3892/mmr.2014.1951,pmid:24535287,,2014-02-13
oci:061702616874-062301308805,inbound,omid:br/061702616874,doi:10.1038/s41598-022-15289-1,pmid:35768627,,2022-06-29,omid:br/062301308805,doi:10.1016/j.neuroimage.2020.116939,pmid:32416229,,2020-08
oci:061202090713-061802428953,inbound,omid:br/061202090713,doi:10.1016/j.jwpe.2022.102965,,,2022-10,omid:br/061802428953,doi:10.1016/0926-860x(93)80083-3,,,1993-04
oci:061603306271-0630600947,inbound,omid:br/061603306271,doi:10.1016/j.carrev.2022.06.252,pmid:35843861,,2022-09,omid:br/0630600947,doi:10.7892/boris.107408,pmid:28886622,,2017-08-26
oci:061303518907-062102175451,inbound,omid:br/061303518907,doi:10.1136/oemed-2022-108371,,,2022-10-07,omid:br/062102175451,doi:10.1093/jncimonographs/lgu005,pmid:25174022,,2014-08-01
oci:061702616860-0650276207,outbound,omid:br/061702616860,doi:10.1038/s41598-022-14747-0,pmid:35768460,,2022-06-29,omid:br/0650276207,doi:10.3758/s13423-021-02034-4,pmid:34877635,,2021-12-07
oci:062502307413-061601519434,inbound,omid:br/062502307413,doi:10.55418/9781933477190-3,,,2022-06,omid:br/061601519434,doi:10.1093/annhyg/mew038,pmid:27328807,,2016-06-21
oci:061702616816-06101176669,outbound,omid:br/061702616816,doi:10.1038/s41598-022-15076-y,pmid:35773462,,2022-06-30,omid:br/06101176669,doi:10.1016/j.ympev.2012.05.025,pmid:22659514,,2012-10
oci:06502732859-06230836070,inbound,omid:br/06502732859,doi:10.1016/bs.mcps.2022.05.006,,,2022,omid:br/06230836070,doi:10.1016/j.ssci.2016.06.002,,,2016-11
oci:061503542568-0660140316,inbound,omid:br/061503542568,doi:10.1038/s41571-022-00686-2,pmid:36207413,,2022-10-07,omid:br/0660140316,doi:10.1016/j.ejps.2017.05.015,pmid:28501492,,2017-07
oci:061303496843-061802039482,inbound,omid:br/061303496843,doi:10.1002/hep.32650,,,2022-07-03,omid:br/061802039482,doi:10.1136/adc.2009.159566,pmid:19556219,,2009-06-24
oci:061402065931-061901518960,outbound,omid:br/061402065931,doi:10.1038/s43247-022-00484-9,,,2022-06-30,omid:br/061901518960,doi:10.5194/tc-9-565-2015,,,2015-03-19
oci:06901326477-062601775581,outbound,omid:br/06901326477,doi:10.1038/s41467-022-31331-2,pmid:35764645,,2022-06-28,omid:br/062601775581,doi:10.1016/j.cmet.2019.11.010,pmid:31813823,,2020-01
oci:06501799590-06901181572,inbound,omid:br/06501799590,doi:10.1016/j.surfin.2022.102155,,,2022-08,omid:br/06901181572,doi:10.1016/j.progpolymsci.2013.02.003,,,2013-08
oci:06120213053-062101419788,inbound,omid:br/06120213053,doi:10.1002/jbm.b.35117,pmid:35785470,,2022-07-04,omid:br/062101419788,doi:10.3109/15622975.2015.1029518,pmid:25903372,,2015-04-23
oci:061401868393-061502120838,inbound,omid:br/061401868393,doi:10.1007/978-3-030-63713-2_34,,,2022,omid:br/061502120838,doi:10.1016/j.ica.2012.06.031,,,2012-12
oci:061702878825-061601144288,inbound,omid:br/061702878825,doi:10.4146/jjspopsy.2022-2111,,,2022-09-30,omid:br/061601144288,doi:10.4100/jhse.2013.84.13,,,2013
oci:062303532729-06210417562,inbound,omid:br/062303532729,doi:10.1109/tbcas.2022.3187944,,,2022-08,omid:br/06210417562,doi:10.1038/s41928-020-00510-8,,,2020-12-21
oci:061602446151-06260452169,inbound,omid:br/061602446151,doi:10.1016/j.apcata.2022.118762,,,2022-08,omid:br/06260452169,doi:10.1039/c4dt00304g,pmid:24879540,,2014
oci:061503488296-061602633216,inbound,omid:br/061503488296,doi:10.1007/978-3-658-26233-4_43,,,2022,omid:br/061602633216,doi:10.1111/jcc4.12108,,,2015-01-12
oci:062103511100-062301208947,outbound,omid:br/062103511100,doi:10.1016/j.ejvs.2022.06.019,,,2022-12,omid:br/062301208947,doi:10.1016/j.jvs.2013.01.049,pmid:23800455,,2013-09
oci:061503490943-06190779793,outbound,omid:br/061503490943,doi:10.1016/j.earscirev.2022.104199,,,2022-11,omid:br/06190779793,doi:10.1111/1095-9270.12300,,,2018-07-13
oci:06302830185-06301676167,internal,omid:br/06302830185,doi:10.1016/j.physletb.2022.137263,,,2022-09,omid:br/06301676167,doi:10.18154/rwth-2020-04112,pmid:31976986,,2020-01
oci:061702616816-0670430192,outbound,omid:br/061702616816,doi:10.1038/s41598-022-15076-y,pmid:35773462,,2022-06-30,omid:br/0670430192,doi:10.1080/10635150590947843,pmid:16021696,,2005-04-01
oci:064207645-062102275042,outbound,omid:br/064207645,doi:10.1007/s12371-022-00717-5,,,2022-06-28,omid:br/062102275042,doi:10.2307/j.ctvqmp11h.6,,,2014-12-31
oci:06202241274-062601281094,internal,omid:br/06202241274,doi:10.1016/j.egyr.2022.06.075,,,2022-11,omid:br/062601281094,doi:10.3390/batteries7040083,,,2021-12-03
oci:061201804806-06260702393,outbound,omid:br/061201804806,doi:10.2478/ejthr-2021-0025,,,2021-12-01,omid:br/06260702393,doi:10.21273/hortsci.42.5.1093,,,2007-08
oci:068079565-06201094137,inbound,omid:br/068079565,doi:10.1016/j.hest.2022.06.004,,,2022-06,omid:br/06201094137,doi:10.1016/j.jbior.2020.100771,pmid:33303387,,2021-01
oci:062601660242-061202452070,inbound,omid:br/062601660242,doi:10.1111/brv.12878,pmid:35770724,,2022-06-30,omid:br/061202452070,doi:10.1016/j.chemosphere.2015.09.022,pmid:26397472,,2016-02
oci:06903559425-06901847589,inbound,omid:br/06903559425,doi:10.1039/d2cp03650a,,,2022,omid:br/06901847589,doi:10.3390/biom11070959,pmid:34209793,,2021-06-29
oci:061303543720-06403303254,inbound,omid:br/061303543720,doi:10.1016/j.xcrm.2022.100773,pmid:36208628,,2022-10,omid:br/06403303254,doi:10.1038/s41574-018-0059-4,pmid:30046148,,2018-07-25
oci:062602425157-06120592473,inbound,omid:br/062602425157,doi:10.1016/j.jhazmat.2022.129505,pmid:35809366,,2022-09,omid:br/06120592473,doi:10.3390/biology10030188,pmid:33802301,,2021-03-03
oci:06190281421-06170419357,outbound,omid:br/06190281421,doi:10.1016/s2468-2667(22)00134-7,pmid:35779567,,2022,omid:br/06170419357,doi:10.1007/s10668-021-01531-9,,,2021-05-26
oci:062503467520-06403477311,outbound,omid:br/062503467520,doi:10.1007/978-3-031-13952-9_4,,,2022,omid:br/06403477311,doi:10.1073/pnas.1807862115,pmid:30297420,,2018-10-08
oci:06901326477-0660170946,outbound,omid:br/06901326477,doi:10.1038/s41467-022-31331-2,pmid:35764645,,2022-06-28,omid:br/0660170946,doi:10.1016/j.ccell.2015.12.004,pmid:28789930,,2016-01
oci:062203427014-061801809320,inbound,omid:br/062203427014,doi:10.1051/0004-6361/202142154,,,2022-09,omid:br/061801809320,doi:10.1093/mnras/staa2369,,,2020-09-11
oci:06501799589-0620219939,inbound,omid:br/06501799589,doi:10.1016/j.surfin.2022.102163,,,2022-08,omid:br/0620219939,doi:10.1002/jrs.1956,,,2008-08
oci:061201804806-0641043415,outbound,omid:br/061201804806,doi:10.2478/ejthr-2021-0025,,,2021-12-01,omid:br/0641043415,doi:10.1111/j.1470-6431.2011.01092.x,,,2012-02-21
oci:06230465644-061101317758,inbound,omid:br/06230465644,doi:10.1007/s10584-021-03277-9,,,2022-06,omid:br/061101317758,doi:10.1038/s41467-018-04692-w,pmid:29915265,,2018-06-18
oci:061702616816-061601955210,outbound,omid:br/061702616816,doi:10.1038/s41598-022-15076-y,pmid:35773462,,2022-06-30,omid:br/061601955210,doi:10.1038/s41559-018-0606-3,pmid:29988164,,2018-07-09
oci:062203514315-06160138968,internal,omid:br/062203514315,doi:10.1016/j.ejpb.2022.10.001,,,2022-11,omid:br/06160138968,doi:10.1016/j.colsurfb.2016.05.023,pmid:27214786,,2016-09
oci:0640290571-0670286986,outbound,omid:br/0640290571,doi:10.1016/j.jbusres.2022.06.028,,,2022-11,omid:br/0670286986,doi:10.1016/j.jbusres.2018.10.047,,,2019-11
oci:062202664267-062101530791,outbound,omid:br/062202664267,doi:10.1002/adsc.202200589,,,2022-07-18,omid:br/062101530791,doi:10.1021/ja00057a064,,,1993-02
oci:06801448990-06702160181,outbound,omid:br/06801448990,doi:10.1007/s00415-022-11226-4,pmid:35763113,,2022-06-28,omid:br/06702160181,doi:10.1186/s10194-021-01267-x,pmid:34273947,,2021-07-17
oci:061501268922-0680611605,inbound,omid:br/061501268922,doi:10.1007/s10388-022-00933-6,pmid:35768671,,2022-06-29,omid:br/0680611605,doi:10.1016/j.dld.2014.03.005,pmid:24709005,,2014-07
oci:061102163112-06402516526,inbound,omid:br/061102163112,doi:10.1016/j.clml.2022.06.010,pmid:35915036,,2022-06,omid:br/06402516526,doi:10.1056/nejmoa2116133,pmid:34891224,,2022-02-17
oci:062103511100-061701215098,outbound,omid:br/062103511100,doi:10.1016/j.ejvs.2022.06.019,,,2022-12,omid:br/061701215098,doi:10.1016/j.jvs.2020.06.103,pmid:32682068,,2021-03
oci:061503342614-06260570892,inbound,omid:br/061503342614,doi:10.1016/j.annonc.2022.06.013,pmid:35777706,,2022-06,omid:br/06260570892,doi:10.1016/j.ejca.2022.02.014,pmid:35307254,,2022-05
oci:062203427019-06502874163,inbound,omid:br/062203427019,doi:10.1051/0004-6361/202142475,,,2022-10,omid:br/06502874163,doi:10.1093/mnras/stv1213,,,2015-06-17
oci:0640683487-0620149889,inbound,omid:br/0640683487,doi:10.1002/vrc2.444,,,2022-06-30,omid:br/0620149889,doi:10.1111/j.1748-5827.2002.tb00081.x,pmid:12137154,,2002-07
oci:062502307409-06260583407,inbound,omid:br/062502307409,doi:10.1007/978-981-16-4306-4_22,,,2022,omid:br/06260583407,doi:10.1103/physrevd.94.102001,,,2016-11-15
oci:061301262075-06260161845,inbound,omid:br/061301262075,doi:10.1002/ppap.202200093,,,2022-06-28,omid:br/06260161845,doi:10.1016/j.tibtech.2017.06.009,pmid:28693858,,2018-06
oci:06302830185-06401688682,internal,omid:br/06302830185,doi:10.1016/j.physletb.2022.137263,,,2022-09,omid:br/06401688682,doi:10.1140/epjc/s10052-018-5693-4,pmid:30996658,,2018-03
oci:062203514315-06802185491,outbound,omid:br/062203514315,doi:10.1016/j.ejpb.2022.10.001,,,2022-11,omid:br/06802185491,doi:10.3390/polym13244350,pmid:34960901,,2021-12-12
oci:062303546312-06902334060,outbound,omid:br/062303546312,doi:10.3280/we2022-001012,,,2022-08,omid:br/06902334060,doi:10.1007/978-981-10-5251-4_15,,,2019
oci:061402065931-061401551370,outbound,omid:br/061402065931,doi:10.1038/s43247-022-00484-9,,,2022-06-30,omid:br/061401551370,doi:10.1016/j.epsl.2018.12.008,,,2019-02
oci:061103561589-0640841486,inbound,omid:br/061103561589,doi:10.1002/acn3.51631,,,2022-10-06,omid:br/0640841486,doi:10.7554/elife.67569,pmid:33650967,,2021-03-02
oci:061601022493-06180349403,inbound,omid:br/061601022493,doi:10.1017/s096025852200006x,,,2022-06-28,omid:br/06180349403,doi:10.1038/nature10536,pmid:22020282,,2011-10-23
oci:062503537315-06201272009,inbound,omid:br/062503537315,doi:10.3389/fonc.2022.985263,pmid:36276127,,2022-10-07,omid:br/06201272009,doi:10.1093/gerona/glu111,pmid:25070660,,2014-07-28
oci:061801161797-0650873936,inbound,omid:br/061801161797,doi:10.4274/turkderm.galenos.2022.57804,,,2022-06-30,omid:br/0650873936,doi:10.1111/bjd.12735,pmid:24641585,,2014-03
oci:0603894392-061802815308,inbound,omid:br/0603894392,doi:10.1097/txd.0000000000001392,pmid:36246002,,2022-10-07,omid:br/061802815308,doi:10.3748/wjg.v22.i4.1551,pmid:26819522,,2016
oci:062103526312-062401225137,inbound,omid:br/062103526312,doi:10.1386/fspc_00156_1,,,2022-10-01,omid:br/062401225137,doi:10.1016/j.intmar.2011.08.001,,,2012-02
oci:06901326407-064701796,inbound,omid:br/06901326407,doi:10.1038/s41467-022-31291-7,pmid:35773263,,2022-06-30,omid:br/064701796,doi:10.1016/s0140-6736(17)32152-9,,,2017-09
oci:06703902886-06110492525,outbound,omid:br/06703902886,doi:10.1007/s00248-022-02120-7,pmid:36205738,,2022-10-07,omid:br/06110492525,doi:10.1126/science.1110591,pmid:15831718,,2005-06-10
oci:0640290571-061701550998,outbound,omid:br/0640290571,doi:10.1016/j.jbusres.2022.06.028,,,2022-11,omid:br/061701550998,doi:10.1108/08858621011066008,,,2010-08-03
oci:062602120662-06403463164,inbound,omid:br/062602120662,doi:10.1016/j.livres.2022.06.001,,,2022-07,omid:br/06403463164,doi:10.1002/hep.28368,pmid:26599351,,2016-01-14
oci:06603136863-061302608732,outbound,omid:br/06603136863,doi:10.1016/j.apsoil.2022.104570,,,2022-10,omid:br/061302608732,doi:10.1038/s41598-017-18590-6,pmid:29317760,,2018-01-09
oci:0630219308-06180856676,inbound,omid:br/0630219308,doi:10.1016/j.jvolgeores.2022.107619,,,2022-11,omid:br/06180856676,doi:10.1093/gji/ggw453,,,2016-12-02
oci:0640290571-06250648256,outbound,omid:br/0640290571,doi:10.1016/j.jbusres.2022.06.028,,,2022-11,omid:br/06250648256,doi:10.1016/j.joi.2016.10.006,,,2016-11
oci:061403427555-06803010663,inbound,omid:br/061403427555,doi:10.1093/hmg/ddac140,pmid:35776125,,2022-07-01,omid:br/06803010663,doi:10.1038/ng.254,pmid:18978790,,2008-11-02
oci:064207645-06210158775,outbound,omid:br/064207645,doi:10.1007/s12371-022-00717-5,,,2022-06-28,omid:br/06210158775,doi:10.5038/1827-806x.48.3.2263,,,2019-09
oci:061702616860-061901856074,outbound,omid:br/061702616860,doi:10.1038/s41598-022-14747-0,pmid:35768460,,2022-06-29,omid:br/061901856074,doi:10.1061/(asce)cp.1943-5487.0000812,,,2019-03
oci:062403029791-06802866539,inbound,omid:br/062403029791,doi:10.1016/j.envres.2022.113763,pmid:35779621,,2022-11,omid:br/06802866539,doi:10.1016/j.chemosphere.2017.07.120,pmid:28759811,,2017-11
oci:061103552375-062103323888,inbound,omid:br/061103552375,doi:10.1016/j.canep.2022.102274,,,2022-12,omid:br/062103323888,doi:10.1093/annonc/mdy097,pmid:29617712,,2018-06
oci:061703521421-06801167801,inbound,omid:br/061703521421,doi:10.1016/j.quascirev.2022.107797,,,2022-11,omid:br/06801167801,doi:10.1017/rdc.2020.41,,,2020-08
oci:064207645-062502732378,internal,omid:br/064207645,doi:10.1007/s12371-022-00717-5,,,2022-06-28,omid:br/062502732378,doi:10.1016/j.jhydrol.2016.12.046,,,2017-03
oci:06203954013-06220719629,inbound,omid:br/06203954013,doi:10.3389/fpls.2022.993051,pmid:36275538,,2022-10-07,omid:br/06220719629,doi:10.1111/gcb.14904,pmid:31891233,,2019-12-31
oci:061803490962-06201789171,inbound,omid:br/061803490962,doi:10.1016/j.optcom.2022.129048,,,2023-02,omid:br/06201789171,doi:10.1103/physreva.93.063628,,,2016-06-22
oci:062601870776-06180245219,inbound,omid:br/062601870776,doi:10.1016/j.phymed.2022.154309,pmid:35994846,,2022-11,omid:br/06180245219,doi:10.1021/acs.jmedchem.0c00931,pmid:33346659,,2020-12-21
oci:061402065931-0620687286,outbound,omid:br/061402065931,doi:10.1038/s43247-022-00484-9,,,2022-06-30,omid:br/0620687286,doi:10.3189/172756501781832449,,,2001
oci:06190281421-06120714059,outbound,omid:br/06190281421,doi:10.1016/s2468-2667(22)00134-7,pmid:35779567,,2022,omid:br/06120714059,doi:10.1136/injuryprev-2015-041838,pmid:26658342,,2015-12-09
oci:061702616860-0636019836,outbound,omid:br/061702616860,doi:10.1038/s41598-022-14747-0,pmid:35768460,,2022-06-29,omid:br/0636019836,doi:10.1007/s10055-016-0293-9,,,2016-09-12
oci:062303521876-06260985321,inbound,omid:br/062303521876,doi:10.1093/oncolo/oyac198,,,2022-10-06,omid:br/06260985321,doi:10.1097/rlu.0000000000000849,pmid:26053708,,2015-08
oci:06901326473-061101317758,inbound,omid:br/06901326473,doi:10.1038/s41467-022-30727-4,pmid:35764617,,2022-06-28,omid:br/061101317758,doi:10.1038/s41467-018-04692-w,pmid:29915265,,2018-06-18
oci:06903557945-061802815120,inbound,omid:br/06903557945,doi:10.1080/13880209.2022.2126503,pmid:36205541,,2022-10-07,omid:br/061802815120,doi:10.3748/wjg.v20.i43.16079,pmid:25473159,,2014
oci:062402346002-061201030361,inbound,omid:br/062402346002,doi:10.1101/2022.06.24.497482,,,2022-06-27,omid:br/061201030361,doi:10.1111/pbi.12183,pmid:24646323,,2014-03-20
oci:06803955053-0618066305,inbound,omid:br/06803955053,doi:10.1016/j.erss.2022.102830,,,2022-11,omid:br/0618066305,doi:10.1017/s1355770x12000460,,,2012-11-27
oci:061402065931-0620687151,outbound,omid:br/061402065931,doi:10.1038/s43247-022-00484-9,,,2022-06-30,omid:br/0620687151,doi:10.3189/172756504781829846,,,2004
oci:062602120662-064401424,inbound,omid:br/062602120662,doi:10.1016/j.livres.2022.06.001,,,2022-07,omid:br/064401424,doi:10.1016/s0140-6736(19)33041-7,,,2019-12
oci:062203514315-061302031990,outbound,omid:br/062203514315,doi:10.1016/j.ejpb.2022.10.001,,,2022-11,omid:br/061302031990,doi:10.1007/s13346-019-00705-3,pmid:32363536,,2020-05-03
oci:062601627134-0640680785,inbound,omid:br/062601627134,doi:10.1016/j.compbiomed.2022.105727,pmid:35785664,,2022-08,omid:br/0640680785,doi:10.1016/j.cell.2018.03.034,pmid:29625051,,2018-04
oci:061903525972-0630600948,inbound,omid:br/061903525972,doi:10.1016/j.emc.2022.06.012,,,2022-11,omid:br/0630600948,doi:10.1093/eurheartj/ehx393,pmid:28886621,,2017-08-26
oci:062202664267-0628013923,internal,omid:br/062202664267,doi:10.1002/adsc.202200589,,,2022-07-18,omid:br/0628013923,doi:10.1039/d1ob00196e,pmid:33908565,,2021
oci:062303533773-062201168084,inbound,omid:br/062303533773,doi:10.1080/19942060.2022.2130432,,,2022-10-06,omid:br/062201168084,doi:10.1017/jfm.2021.748,,,2021-09-15
oci:061603559790-061601823165,inbound,omid:br/061603559790,doi:10.3389/fspas.2022.952296,,,2022-10-07,omid:br/061601823165,doi:10.1111/j.1365-2966.2008.13112.x,,,2008-05
oci:061503490943-061101164218,outbound,omid:br/061503490943,doi:10.1016/j.earscirev.2022.104199,,,2022-11,omid:br/061101164218,doi:10.1017/s0033822200064766,,,2002
oci:06103962294-06701667056,inbound,omid:br/06103962294,doi:10.1140/epjc/s10052-022-10849-1,,,2022-10-07,omid:br/06701667056,doi:10.1140/epjc/s10052-015-3635-y,,,2015-09
oci:061803435984-06602141706,outbound,omid:br/061803435984,doi:10.1029/2021wr031760,,,2022-08,omid:br/06602141706,doi:10.1088/1361-6544/aae949,,,2018-12-20
oci:06302830185-06602830532,internal,omid:br/06302830185,doi:10.1016/j.physletb.2022.137263,,,2022-09,omid:br/06602830532,doi:10.1016/j.physletb.2019.03.067,,,2019-08
oci:06190281421-06120713487,internal,omid:br/06190281421,doi:10.1016/s2468-2667(22)00134-7,pmid:35779567,,2022,omid:br/06120713487,doi:10.1136/injuryprev-2019-043296,pmid:31915273,,2020-01-08
oci:06903557664-06150775842,inbound,omid:br/06903557664,doi:10.1080/13876988.2022.2110472,,,2022-10-07,omid:br/06150775842,doi:10.1080/13876988.2020.1774367,,,2020-11-01
oci:06203904835-061601831843,outbound,omid:br/06203904835,doi:10.1016/j.ces.2022.118294,,,2023-03,omid:br/061601831843,doi:10.1007/s003480050376,,,1999-11-04
oci:06703951373-06401831454,inbound,omid:br/06703951373,doi:10.1103/physrevb.106.134503,,,2022-10-07,omid:br/06401831454,doi:10.1088/1367-2630/18/1/015001,,,2015-12-21
oci:06601771920-06140432015,inbound,omid:br/06601771920,doi:10.1007/s13770-022-00465-1,pmid:35767151,,2022-06-29,omid:br/06140432015,doi:10.1016/s1474-4422(18)30415-0,pmid:34800420,,2019
oci:06250980087-062401276024,inbound,omid:br/06250980087,doi:10.1111/jsr.13671,pmid:35751424,,2022-06-25,omid:br/062401276024,doi:10.1017/s0033291721000015,pmid:33436130,,2021-01
oci:06190121073-06210118530,inbound,omid:br/06190121073,doi:10.1016/j.nmd.2022.06.007,,,2022-06,omid:br/06210118530,doi:10.1016/j.nmd.2016.08.015,pmid:27743643,,2016-12
oci:06301631071-06801713614,inbound,omid:br/06301631071,doi:10.3389/fonc.2022.883399,pmid:35847924,,2022-06-29,omid:br/06801713614,doi:10.3390/jcm10051057,pmid:33806389,,2021-03-04
oci:0640290571-06150110011,outbound,omid:br/0640290571,doi:10.1016/j.jbusres.2022.06.028,,,2022-11,omid:br/06150110011,doi:10.1016/j.chb.2015.09.044,,,2016-02
oci:062103515832-06250194708,inbound,omid:br/062103515832,doi:10.1186/s12885-022-10133-1,pmid:36203123,,2022-10-06,omid:br/06250194708,doi:10.1007/s00432-018-2805-3,pmid:30506406,,2018-12-01
oci:062203504807-06701521412,inbound,omid:br/062203504807,doi:10.1024/0300-9831/a000770,,,2022-10-06,omid:br/06701521412,doi:10.1371/journal.pone.0042281,pmid:22876312,,2012-08-02
oci:061201804806-06302869307,outbound,omid:br/061201804806,doi:10.2478/ejthr-2021-0025,,,2021-12-01,omid:br/06302869307,doi:10.5424/sjar/2016144-10200,,,2016-12-02
oci:0630219308-0610687142,inbound,omid:br/0630219308,doi:10.1016/j.jvolgeores.2022.107619,,,2022-11,omid:br/0610687142,doi:10.1038/s41597-019-0091-9,pmid:31160582,,2019-06-03
oci:061702616816-06160992499,outbound,omid:br/061702616816,doi:10.1038/s41598-022-15076-y,pmid:35773462,,2022-06-30,omid:br/06160992499,doi:10.1111/mec.13959,pmid:27997046,,2017-01-27
oci:061503490943-06230235472,outbound,omid:br/061503490943,doi:10.1016/j.earscirev.2022.104199,,,2022-11,omid:br/06230235472,doi:10.1016/j.margeo.2014.03.009,,,2014-05
oci:06603918763-06160925897,inbound,omid:br/06603918763,doi:10.1055/a-1856-7346,,,2022-11,omid:br/06160925897,doi:10.1093/ajcn/70.1.85,pmid:10393143,,1999-07-01
oci:061702616816-06303530117,outbound,omid:br/061702616816,doi:10.1038/s41598-022-15076-y,pmid:35773462,,2022-06-30,omid:br/06303530117,doi:10.1002/9780470995532,,isbn:9780852382349,2003-01-22
oci:06403962913-061902044439,inbound,omid:br/06403962913,doi:10.1089/g4h.2022.0048,,,2023-02-01,omid:br/061902044439,doi:10.1016/j.apmr.2018.01.023,pmid:29453980,,2018-05
oci:061702616613-06203119038,outbound,omid:br/061702616613,doi:10.1038/s41598-022-15651-3,pmid:35788682,,2022-07-04,omid:br/06203119038,doi:10.1007/s11004-012-9431-4,,,2012-12-07
oci:061702616816-062601061866,outbound,omid:br/061702616816,doi:10.1038/s41598-022-15076-y,pmid:35773462,,2022-06-30,omid:br/062601061866,doi:10.1046/j.1096-3642.2003.00065.x,,,2003-10
oci:062503467520-062502562934,outbound,omid:br/062503467520,doi:10.1007/978-3-031-13952-9_4,,,2022,omid:br/062502562934,doi:10.1177/0003122417725865,,,2017-08-29
oci:06303959762-06250194534,outbound,omid:br/06303959762,doi:10.1016/j.esmoop.2022.100591,,,2022-12,omid:br/06250194534,doi:10.1007/s00432-019-02982-4,pmid:31367835,,2019-07-31
oci:06203904835-061201804275,outbound,omid:br/06203904835,doi:10.1016/j.ces.2022.118294,,,2023-03,omid:br/061201804275,doi:10.1088/1367-2630/7/1/058,,,2005-02-17
oci:06303959762-062401151329,outbound,omid:br/06303959762,doi:10.1016/j.esmoop.2022.100591,,,2022-12,omid:br/062401151329,doi:10.1038/s41572-020-00240-3,pmid:33479224,,2021-01-21
oci:062403526759-061301137509,inbound,omid:br/062403526759,doi:10.3389/fpsyg.2022.964668,,,2022-10-06,omid:br/061301137509,doi:10.1016/j.ijintrel.2017.01.003,,,2017-03
oci:06160868717-0680525458,inbound,omid:br/06160868717,doi:10.1108/bfj-01-2022-0077,,,2022-06-30,omid:br/0680525458,doi:10.1016/j.foodpol.2017.03.004,,,2017-05
oci:06150665563-062202091272,inbound,omid:br/06150665563,doi:10.1016/j.jadr.2022.100380,,,2022-12,omid:br/062202091272,doi:10.1016/j.biopsycho.2020.107926,pmid:32621851,,2020-07
oci:06401733033-06901516740,inbound,omid:br/06401733033,doi:10.1007/978-3-030-83624-5_4,,,2022,omid:br/06901516740,doi:10.1016/j.patcog.2007.02.018,,,2007-11
oci:062603523723-064601404,inbound,omid:br/062603523723,doi:10.1111/acer.14951,,,2022-10-18,omid:br/064601404,doi:10.1016/s0140-6736(18)31310-2,,,2018-09
oci:061403530304-06503061204,outbound,omid:br/061403530304,doi:10.1038/s41598-022-21440-9,pmid:36207422,,2022-10-07,omid:br/06503061204,doi:10.1302/2058-5241.3.170066,pmid:29951267,,2018-05
oci:06603136863-061601530086,outbound,omid:br/06603136863,doi:10.1016/j.apsoil.2022.104570,,,2022-10,omid:br/061601530086,doi:10.1371/journal.pone.0057189,pmid:23468930,,2013-02-27
oci:06201397037-062401864825,inbound,omid:br/06201397037,doi:10.1016/j.ces.2022.117842,,,2022-10,omid:br/062401864825,doi:10.1016/j.cej.2015.05.058,,,2015-11
oci:061103551739-061301403955,outbound,omid:br/061103551739,doi:10.1016/j.jff.2022.105314,,,2022-12,omid:br/061301403955,doi:10.2903/j.efsa.2017.4774,pmid:32625480,,2017-05
oci:062403531958-06801425705,inbound,omid:br/062403531958,doi:10.21443/1560-9278-2022-25-3-168-182,,,2022-09-30,omid:br/06801425705,doi:10.3390/molecules23112778,pmid:30373170,,2018-10-26
oci:062601280352-06120498565,inbound,omid:br/062601280352,doi:10.1007/978-981-19-2651-8_2,,,2022,omid:br/06120498565,doi:10.1016/j.respol.2012.09.007,,,2013-03
oci:06240872730-0610177272,inbound,omid:br/06240872730,doi:10.1007/s00289-022-04330-y,,,2022-06-28,omid:br/0610177272,doi:10.1016/j.eurpolymj.2016.06.022,,,2016-08
oci:062103520219-06202188723,inbound,omid:br/062103520219,doi:10.3389/fphar.2022.1019109,pmid:36278213,,2022-10-07,omid:br/06202188723,doi:10.3390/cells9051110,pmid:32365809,,2020-04-30
oci:061503487204-0630911159,inbound,omid:br/061503487204,doi:10.1007/978-3-031-06955-0_13,,,2022,omid:br/0630911159,doi:10.1080/10400419.2018.1411423,,,2018-01-02
oci:06203853501-064701795,inbound,omid:br/06203853501,doi:10.1210/clinem/dgac401,pmid:35776011,,2022-07-01,omid:br/064701795,doi:10.1016/s0140-6736(17)32366-8,,,2017-09
oci:061702616613-06102316483,outbound,omid:br/061702616613,doi:10.1038/s41598-022-15651-3,pmid:35788682,,2022-07-04,omid:br/06102316483,doi:10.1016/j.apenergy.2017.09.015,,,2017-12
oci:0650299193-061601556352,outbound,omid:br/0650299193,doi:10.1016/j.transci.2022.103499,pmid:35811273,,2022-07,omid:br/061601556352,doi:10.1080/0886022x.2020.1764369,pmid:32438839,,2020
oci:062303546312-061601210529,outbound,omid:br/062303546312,doi:10.3280/we2022-001012,,,2022-08,omid:br/061601210529,doi:10.1177/104973200129118499,pmid:10947481,,2000-05
oci:06203531394-06402289305,inbound,omid:br/06203531394,doi:10.1016/j.rce.2022.05.005,,,2022-06,omid:br/06402289305,doi:10.1016/s2213-2600(20)30105-3,pmid:32526187,,2020
oci:061601368859-06140652675,outbound,omid:br/061601368859,doi:10.1002/jbm.a.37421,pmid:35770805,,2022-06-30,omid:br/06140652675,doi:10.1007/s10856-015-5663-4,pmid:26758893,,2016-01-12
oci:06703902886-0630291595,outbound,omid:br/06703902886,doi:10.1007/s00248-022-02120-7,pmid:36205738,,2022-10-07,omid:br/0630291595,doi:10.3389/fendo.2019.00009,pmid:30733706,,2019-01-24
oci:061503490943-06702330275,internal,omid:br/061503490943,doi:10.1016/j.earscirev.2022.104199,,,2022-11,omid:br/06702330275,doi:10.1016/j.cageo.2006.08.006,,,2007-05
oci:061203538883-06260610640,inbound,omid:br/061203538883,doi:10.4244/eij-d-21-00971,pmid:35377315,,2022-10,omid:br/06260610640,doi:10.1093/eurheartj/ehaa575,pmid:32860058,,2020-08-29
oci:06901326477-0610597495,outbound,omid:br/06901326477,doi:10.1038/s41467-022-31331-2,pmid:35764645,,2022-06-28,omid:br/0610597495,doi:10.1016/s0163-7827(03)00051-1,pmid:14654091,,2004
oci:06701344151-062102052215,inbound,omid:br/06701344151,doi:10.1038/s41377-022-00887-5,pmid:35764622,,2022-06-28,omid:br/062102052215,doi:10.1103/physrevlett.126.160602,pmid:33961472,,2021-04-19
oci:062203514315-06401759663,outbound,omid:br/062203514315,doi:10.1016/j.ejpb.2022.10.001,,,2022-11,omid:br/06401759663,doi:10.3390/pharmaceutics10030076,pmid:29958389,,2018-06-28
oci:061103499719-06180948923,inbound,omid:br/061103499719,doi:10.56093/ijas.v91i12.120814,,,2022-01-31,omid:br/06180948923,doi:10.1038/hdy.2008.29,pmid:18941469,,2008-10-22
oci:06503941893-06202833834,inbound,omid:br/06503941893,doi:10.1016/j.physletb.2022.137571,,,2022-12,omid:br/06202833834,doi:10.1016/j.physletb.2013.11.048,,,2014-01
oci:06503973856-06120795416,inbound,omid:br/06503973856,doi:10.1016/j.ascom.2022.100664,,,2023-01,omid:br/06120795416,doi:10.1007/lrr-2016-1,pmid:28179853,,2016-02-08
oci:06702551699-0660471534,inbound,omid:br/06702551699,doi:10.1007/978-1-4939-9544-8_35-1,,,2022,omid:br/0660471534,doi:10.1016/j.jpeds.2006.11.032,pmid:17236893,,2007-02
oci:06190979582-06130586202,inbound,omid:br/06190979582,doi:10.1016/j.neubiorev.2022.104760,pmid:35780976,,2022-08,omid:br/06130586202,doi:10.1016/j.appet.2021.105613,pmid:34332003,,2021-12
oci:06603136863-062203030934,outbound,omid:br/06603136863,doi:10.1016/j.apsoil.2022.104570,,,2022-10,omid:br/062203030934,doi:10.1021/acs.est.7b05389,pmid:29356510,,2018-02-08
oci:06203965676-06803027803,inbound,omid:br/06203965676,doi:10.2196/39271,,,2022-12-08,omid:br/06803027803,doi:10.1038/s41598-018-22492-6,pmid:29531284,,2018-03-12
oci:061403506894-06190737299,outbound,omid:br/061403506894,doi:10.1097/inf.0000000000003716,,,2022-09-16,omid:br/06190737299,doi:10.1093/jacamr/dlab126,pmid:34514403,,2021-07-12
oci:062203514768-06901954407,outbound,omid:br/062203514768,doi:10.1007/s00521-022-07890-2,,,2022-10-07,omid:br/06901954407,doi:10.1007/978-3-030-58520-4_35,,,2020
oci:062503530866-064401899,inbound,omid:br/062503530866,doi:10.1177/20533691221141132,,,2022-11-14,omid:br/064401899,doi:10.1016/s0140-6736(19)31709-x,,,2019-09
oci:06303959762-06803144842,outbound,omid:br/06303959762,doi:10.1016/j.esmoop.2022.100591,,,2022-12,omid:br/06803144842,doi:10.1038/s41590-018-0044-z,pmid:29379119,,2018-01-29
oci:06502732533-0660993530,inbound,omid:br/06502732533,doi:10.1016/b978-0-323-91232-7.00012-x,,,2022,omid:br/0660993530,doi:10.1016/j.scitotenv.2013.12.090,pmid:24440922,,2014-03
oci:062503491536-0630158120,inbound,omid:br/062503491536,doi:10.1111/bjso.12604,,,2022-11-13,omid:br/0630158120,doi:10.1111/bjso.12501,pmid:34553397,,2021-09-22
oci:061402788982-06602352283,inbound,omid:br/061402788982,doi:10.1016/j.actaastro.2022.07.002,,,2022-09,omid:br/06602352283,doi:10.2514/1.27830,,,2007-05
oci:061302147192-061701537240,inbound,omid:br/061302147192,doi:10.1016/j.chempr.2022.05.008,pmid:36133801,,2022-06,omid:br/061701537240,doi:10.1021/jacs.0c06146,pmid:32791832,,2020-08-14
oci:062202664267-062601558018,outbound,omid:br/062202664267,doi:10.1002/adsc.202200589,,,2022-07-18,omid:br/062601558018,doi:10.1021/ja900701g,pmid:19397371,,2009-04-28
oci:061702616816-061702240031,outbound,omid:br/061702616816,doi:10.1038/s41598-022-15076-y,pmid:35773462,,2022-06-30,omid:br/061702240031,doi:10.1534/genetics.116.188268,pmid:27707788,,2016-12-01
oci:06803939357-06603212718,inbound,omid:br/06803939357,doi:10.1111/dom.14884,,,2022-11-02,omid:br/06603212718,doi:10.1016/j.diabres.2014.02.005,pmid:24582152,,2014-04
oci:062501758654-06502510452,inbound,omid:br/062501758654,doi:10.1016/j.jtct.2022.06.025,pmid:35788086,,2022-07,omid:br/06502510452,doi:10.1056/nejmoa2024850,pmid:33626253,,2021-02-25
oci:06120213054-06140770253,inbound,omid:br/06120213054,doi:10.1002/jbm.b.35122,pmid:35771197,,2022-06-30,omid:br/06140770253,doi:10.1007/s00784-017-2133-z,pmid:28551729,,2017-05-27
oci:061803490962-061901670568,inbound,omid:br/061803490962,doi:10.1016/j.optcom.2022.129048,,,2023-02,omid:br/061901670568,doi:10.1140/epjd/e2006-00212-2,,,2006-09-15
oci:06140106908-0670424677,inbound,omid:br/06140106908,doi:10.1016/j.palaeo.2022.111129,,,2022-09,omid:br/0670424677,doi:10.1130/b31575.1,,,2016-11-03
oci:06903536237-061201196640,outbound,omid:br/06903536237,doi:10.1016/j.enconman.2022.116415,,,2022-12,omid:br/061201196640,doi:10.1243/pime_proc_1996_210_010_02,,,1996-02
oci:06803959875-06230333202,inbound,omid:br/06803959875,doi:10.1103/physrevd.106.084005,,,2022-10-07,omid:br/06230333202,doi:10.1088/0264-9381/32/2/024001,,,2014-12-18
oci:06603971612-061602668904,outbound,omid:br/06603971612,doi:10.1016/j.ohx.2022.e00376,,,2022-10,omid:br/061602668904,doi:10.1111/j.1467-9280.2009.02316.x,pmid:19399976,,2009-04
oci:062203514879-06501775406,inbound,omid:br/062203514879,doi:10.1007/s00595-022-02587-4,pmid:36201060,,2022-10-06,omid:br/06501775406,doi:10.1016/j.clnu.2016.01.020,pmid:26944585,,2016-04
oci:06503968935-064301338,inbound,omid:br/06503968935,doi:10.1038/s41467-022-34093-z,,,2022-11-14,omid:br/064301338,doi:10.1016/s0140-6736(20)30752-2,,,2020-10
oci:06260405907-062601315954,outbound,omid:br/06260405907,doi:10.1108/ijrdm-10-2021-0509,,,2022-06-28,omid:br/062601315954,doi:10.1109/emr.2020.2990115,,,2020-09-01
oci:061402065931-061901518957,outbound,omid:br/061402065931,doi:10.1038/s43247-022-00484-9,,,2022-06-30,omid:br/061901518957,doi:10.5194/tc-9-603-2015,,,2015-04-01
oci:06703933182-064901367,inbound,omid:br/06703933182,doi:10.1007/s10433-022-00732-z,,,2022-10-06,omid:br/064901367,doi:10.1016/s0140-6736(16)31460-x,,,2016-10
oci:06190979568-0660294058,inbound,omid:br/06190979568,doi:10.1016/j.neubiorev.2022.104768,pmid:35798126,,2022-09,omid:br/0660294058,doi:10.3389/fpsyg.2015.01195,pmid:26322002,,2015-08-11
oci:06190281424-064701810,inbound,omid:br/06190281424,doi:10.1016/s2468-2667(22)00112-8,pmid:35779544,,2022,omid:br/064701810,doi:10.1016/s0140-6736(17)32336-x,,,2017-09
oci:06703920312-06170539877,inbound,omid:br/06703920312,doi:10.1007/s10846-022-01764-4,,,2022-11,omid:br/06170539877,doi:10.1016/j.asoc.2011.02.032,,,2011-09
oci:061403466016-06120868950,inbound,omid:br/061403466016,doi:10.1007/978-3-031-05774-8_2,,,2022,omid:br/06120868950,doi:10.1080/14494035.2018.1504488,,,2018-10-02
oci:061503490943-06801167801,internal,omid:br/061503490943,doi:10.1016/j.earscirev.2022.104199,,,2022-11,omid:br/06801167801,doi:10.1017/rdc.2020.41,,,2020-08
oci:06503931248-061802029191,inbound,omid:br/06503931248,doi:10.1093/mnras/stac2861,,,2022-10-10,omid:br/061802029191,doi:10.1103/physrevx.11.021053,,,2021-06-09
oci:061403416990-06601040621,outbound,omid:br/061403416990,doi:10.1016/j.ajog.2022.06.052,pmid:35779589,,2022-11,omid:br/06601040621,doi:10.1111/1471-0528.13994,pmid:27006076,,2016-03-22
oci:061601444199-06140344234,inbound,omid:br/061601444199,doi:10.1002/ange.202206797,,,2022-07-13,omid:br/06140344234,doi:10.1038/s41586-019-1640-2,pmid:31723273,,2019-09-30
oci:062303532729-06210417640,inbound,omid:br/062303532729,doi:10.1109/tbcas.2022.3187944,,,2022-08,omid:br/06210417640,doi:10.1038/s41928-020-0410-3,,,2020-06
oci:061503490943-0629046161,outbound,omid:br/061503490943,doi:10.1016/j.earscirev.2022.104199,,,2022-11,omid:br/0629046161,doi:10.1111/j.1365-246x.1978.tb04759.x,,,1978-10-01
oci:06303964449-064801528,inbound,omid:br/06303964449,doi:10.1016/j.pmedr.2022.102054,,,2022-12,omid:br/064801528,doi:10.1016/s0140-6736(17)30819-x,,,2017-05
oci:06303939914-061903133554,inbound,omid:br/06303939914,doi:10.1016/j.micpath.2022.105818,,,2022-12,omid:br/061903133554,doi:10.1016/j.vetmic.2016.05.012,pmid:27374904,,2016-08
oci:06303963894-061303111495,inbound,omid:br/06303963894,doi:10.1016/j.msard.2022.104224,,,2022-12,omid:br/061303111495,doi:10.1177/1352458515594041,pmid:26199347,,2015-07-21
oci:062303546312-062101200084,outbound,omid:br/062303546312,doi:10.3280/we2022-001012,,,2022-08,omid:br/062101200084,doi:10.1177/1049732302250756,pmid:12703411,,2003-04
oci:062203514315-062202828912,internal,omid:br/062203514315,doi:10.1016/j.ejpb.2022.10.001,,,2022-11,omid:br/062202828912,doi:10.1016/j.ijpharm.2014.12.008,pmid:25490184,,2015-01
oci:061803485755-061401182564,outbound,omid:br/061803485755,doi:10.1016/j.ijmecsci.2022.107925,,,2023-03,omid:br/061401182564,doi:10.1243/09544062jmes1442,,,2009-06-05
oci:061703572340-06302306583,inbound,omid:br/061703572340,doi:10.21203/rs.3.rs-2250615/v1,,,2022-11-14,omid:br/06302306583,doi:10.1255/jsi.2018.a10,,,2018-10-08
oci:06203919573-06501554312,inbound,omid:br/06203919573,doi:10.1016/j.tetlet.2022.154176,,,2022-11,omid:br/06501554312,doi:10.1021/jacs.5b03243,pmid:25901659,,2015-04-24
oci:06903568853-061601692508,inbound,omid:br/06903568853,doi:10.1021/acs.jpclett.2c02876,,,2022-11-14,omid:br/061601692508,doi:10.1039/c9tc01036j,,,2019
oci:061203481356-061801292847,inbound,omid:br/061203481356,doi:10.3847/1538-4357/ac8c32,,,2022-11-01,omid:br/061801292847,doi:10.3847/0067-0049/222/1/5,,,2016-01-14
oci:061403506894-06220384789,outbound,omid:br/061403506894,doi:10.1097/inf.0000000000003716,,,2022-09-16,omid:br/06220384789,doi:10.1016/j.bbmt.2018.02.021,pmid:29501780,,2018-07
oci:06901326444-06202599826,inbound,omid:br/06901326444,doi:10.1038/s41467-022-31367-4,pmid:35768429,,2022-06-29,omid:br/06202599826,doi:10.1016/j.solidstatesciences.2017.07.015,,,2017-09
oci:061403522320-06303155780,outbound,omid:br/061403522320,doi:10.3390/ijerph192214882,,,2022-11-12,omid:br/06303155780,doi:10.1007/s10671-011-9119-4,,,2011-12-01
oci:062403522826-0652049863,inbound,omid:br/062403522826,doi:10.1111/jocd.15444,,,2022-10-14,omid:br/0652049863,doi:10.1111/bjd.20567,pmid:34105768,,2021-08-13
oci:062203533232-06140432015,inbound,omid:br/062203533232,doi:10.1371/journal.pone.0274025,pmid:36201498,,2022-10-06,omid:br/06140432015,doi:10.1016/s1474-4422(18)30415-0,pmid:34800420,,2019
oci:061503490943-062501028525,outbound,omid:br/061503490943,doi:10.1016/j.earscirev.2022.104199,,,2022-11,omid:br/062501028525,doi:10.1017/s1047759400016561,,,1996
oci:06503951919-06401022505,inbound,omid:br/06503951919,doi:10.1016/j.foodres.2022.112023,,,2022-12,omid:br/06401022505,doi:10.1016/j.foodres.2016.08.044,,,2016-11
oci:061403509898-0680106130,inbound,omid:br/061403509898,doi:10.1016/j.eswa.2022.119260,,,2023-03,omid:br/0680106130,doi:10.1109/tpami.2005.21,pmid:15628276,,2005-01
oci:061803520278-0634062186,inbound,omid:br/061803520278,doi:10.1007/s00382-022-06579-5,,,2022-11-14,omid:br/0634062186,doi:10.1088/1748-9326/ac1013,,,2021-07-01
oci:06901326477-06180449657,outbound,omid:br/06901326477,doi:10.1038/s41467-022-31331-2,pmid:35764645,,2022-06-28,omid:br/06180449657,doi:10.3390/s20010053,pmid:31861836,,2019-12-20
oci:06303954743-061601524082,internal,omid:br/06303954743,doi:10.1016/j.animal.2022.100654,,,2022-11,omid:br/061601524082,doi:10.1371/journal.pone.0202160,pmid:30161141,,2018-08-30
oci:062503119989-062401680807,inbound,omid:br/062503119989,doi:10.1016/j.ppnp.2022.103983,,,2022-06,omid:br/062401680807,doi:10.1146/annurev-astro-081817-051839,,,2018-09-14
oci:061103449869-061602166486,inbound,omid:br/061103449869,doi:10.1332/030557321x16528864819376,,,2022-07,omid:br/061602166486,doi:10.1017/9781108555081,,isbn:9781108555081,2018-03-22
oci:06130176774-06502413459,inbound,omid:br/06130176774,doi:10.1016/j.exer.2022.109168,pmid:35777472,,2022-09,omid:br/06502413459,doi:10.1177/1120672120960586,pmid:33008279,,2020-10-02
oci:06603938872-06902885285,inbound,omid:br/06603938872,doi:10.2995/jacsurg.36.833,,,2022-11-15,omid:br/06902885285,doi:10.1200/jco.20.01933,pmid:33021869,,2021
oci:0640290571-0670287556,outbound,omid:br/0640290571,doi:10.1016/j.jbusres.2022.06.028,,,2022-11,omid:br/0670287556,doi:10.1016/j.jbusres.2017.03.026,,,2018-04
oci:061703499444-06140690033,inbound,omid:br/061703499444,doi:10.1210/clinem/dgac576,,,2022-10-06,omid:br/06140690033,doi:10.1111/cen.13050,pmid:26932202,,2016-03-21
oci:063909156-062402608921,inbound,omid:br/063909156,doi:10.1016/j.dyepig.2022.110526,,,2022-09,omid:br/062402608921,doi:10.1039/c4tb00169a,,,2014
oci:061603530017-061401267735,inbound,omid:br/061603530017,doi:10.1097/mol.0000000000000852,,,2022-10-21,omid:br/061401267735,doi:10.1097/hjh.0b013e32835d4aec,pmid:23615212,,2013-03
oci:06603983412-06601225566,inbound,omid:br/06603983412,doi:10.1016/b978-0-323-99127-8.00019-2,,,2023,omid:br/06601225566,doi:10.1081/jlc-100100472,,,2000-08-07
oci:06302830185-06130393486,outbound,omid:br/06302830185,doi:10.1016/j.physletb.2022.137263,,,2022-09,omid:br/06130393486,doi:10.1016/s0168-9002(03)01368-8,,,2003-07
oci:061203545885-062601580973,outbound,omid:br/061203545885,doi:10.3390/biom12111678,,,2022-11-12,omid:br/062601580973,doi:10.3389/fphys.2021.732564,pmid:34671275,,2021-10-04
oci:061602446151-06901666970,inbound,omid:br/061602446151,doi:10.1016/j.apcata.2022.118762,,,2022-08,omid:br/06901666970,doi:10.1016/j.jcat.2009.11.019,,,2010-02-05
oci:061303533682-061801873941,inbound,omid:br/061303533682,doi:10.1109/access.2022.3221424,,,2022,omid:br/061801873941,doi:10.1016/j.bcra.2021.100026,,,2022-03
oci:06303511932-062301249675,outbound,omid:br/06303511932,doi:10.1016/j.strueco.2022.06.013,,,2022-07,omid:br/062301249675,doi:10.1080/10584600601128382,,,2007-01-29
oci:061703490291-061801558541,inbound,omid:br/061703490291,doi:10.1093/med/9780199696758.003.0087,,,2012-02,omid:br/061801558541,doi:10.1159/000089916,pmid:16319504,,2006
oci:064098465-06503466167,inbound,omid:br/064098465,doi:10.1016/j.seizure.2022.06.016,pmid:35850020,,2022-10,omid:br/06503466167,doi:10.1111/epi.13448,pmid:27381481,,2016-07-06
oci:064207645-06401691908,outbound,omid:br/064207645,doi:10.1007/s12371-022-00717-5,,,2022-06-28,omid:br/06401691908,doi:10.3986/ac.v40i2.22,,,2011-09-01
oci:062503535001-06150204324,inbound,omid:br/062503535001,doi:10.1007/s40472-022-00386-x,,,2022-11-12,omid:br/06150204324,doi:10.1097/sla.0000000000001849,pmid:27433909,,2016-09
oci:061303518907-06250393039,inbound,omid:br/061303518907,doi:10.1136/oemed-2022-108371,,,2022-10-07,omid:br/06250393039,doi:10.1136/oemed-2012-100845,pmid:23117219,,2012-11-01
oci:062203504340-06803708269,inbound,omid:br/062203504340,doi:10.1007/s11010-022-04574-2,pmid:36201104,,2022-10-06,omid:br/06803708269,doi:10.2215/cjn.08970719,pmid:31974287,,2020-01-23
oci:06303943492-061701609044,outbound,omid:br/06303943492,doi:10.1007/jhep10(2022)027,,,2022-10-05,omid:br/061701609044,doi:10.1016/j.cpc.2011.12.022,,,2012-04
oci:061803481826-0680273480,inbound,omid:br/061803481826,doi:10.1007/978-3-662-65219-0_27,,,2022,omid:br/0680273480,doi:10.1159/000478808,pmid:28903100,,2017
oci:06303959762-06603033546,outbound,omid:br/06303959762,doi:10.1016/j.esmoop.2022.100591,,,2022-12,omid:br/06603033546,doi:10.1002/cam4.3135,pmid:32419290,,2020-05-18
oci:061101902827-061301040056,inbound,omid:br/061101902827,doi:10.1016/j.jsg.2022.104667,,,2022-08,omid:br/061301040056,doi:10.1016/j.lithos.2017.08.005,,,2017-10
oci:062503523798-06801449419,inbound,omid:br/062503523798,doi:10.3389/fneur.2022.1000527,pmid:36277913,,2022-10-06,omid:br/06801449419,doi:10.1007/s00415-021-10739-8,pmid:34417870,,2021-08-21
oci:06801448990-06140389319,outbound,omid:br/06801448990,doi:10.1007/s00415-022-11226-4,pmid:35763113,,2022-06-28,omid:br/06140389319,doi:10.1111/ene.15236,pmid:34965002,,2022-01-21
oci:06401988722-06220343053,inbound,omid:br/06401988722,doi:10.1017/cbo9781139003308.011,,,2012-11-08,omid:br/06220343053,doi:10.1038/nature09710,pmid:21179161,,2010-12
oci:062603550894-06902073055,inbound,omid:br/062603550894,doi:10.1002/anie.202210755,,,2022-10-27,omid:br/06902073055,doi:10.1038/s41557-021-00683-5,pmid:34031564,,2021-05-24
oci:06110126131-061502861212,inbound,omid:br/06110126131,doi:10.1016/j.cplett.2022.139819,,,2022-09,omid:br/061502861212,doi:10.1016/j.porgcoat.2019.105408,,,2020-01
oci:06303941799-061301037893,inbound,omid:br/06303941799,doi:10.1016/j.engappai.2022.105490,,,2022-11,omid:br/061301037893,doi:10.1016/j.acra.2014.08.009,pmid:25481516,,2015-01
oci:061803481000-06402516952,inbound,omid:br/061803481000,doi:10.1007/978-3-031-10131-1_9,,,2022,omid:br/06402516952,doi:10.1056/nejmoa2028631,pmid:34192431,,2021-07-01
oci:06903563787-06110953161,inbound,omid:br/06903563787,doi:10.31146/1682-8658-ecg-203-7-68-80,,,2022-10-07,omid:br/06110953161,doi:10.1136/gut.42.5.721,pmid:9659171,,1998-05-01
oci:06703889228-06250404256,inbound,omid:br/06703889228,doi:10.1002/jper.22-0409,,,2022-11-30,omid:br/06250404256,doi:10.1111/j.1600-051x.2010.01550.x,pmid:20590963,,2010-06-24
oci:061702616816-06802528232,outbound,omid:br/061702616816,doi:10.1038/s41598-022-15076-y,pmid:35773462,,2022-06-30,omid:br/06802528232,doi:10.1007/102_2018_4,pmid:30637482,,2019
oci:062203527987-061901062523,inbound,omid:br/062203527987,doi:10.1016/j.hal.2022.102320,,,2022-11,omid:br/061901062523,doi:10.1016/j.watres.2011.10.029,pmid:22078255,,2012-01
oci:06803959875-06202438481,inbound,omid:br/06803959875,doi:10.1103/physrevd.106.084005,,,2022-10-07,omid:br/06202438481,doi:10.1103/physrevlett.121.129902,pmid:30296140,,2018-09-18
oci:061103551739-062303089807,outbound,omid:br/061103551739,doi:10.1016/j.jff.2022.105314,,,2022-12,omid:br/062303089807,doi:10.1038/s41430-018-0386-5,pmid:30647436,,2019-01-15
oci:06230678435-062602325039,inbound,omid:br/06230678435,doi:10.1016/j.fuel.2022.124982,,,2022-10,omid:br/062602325039,doi:10.4271/2019-01-0266,,,2019-04-02
oci:061101902827-062301278007,inbound,omid:br/061101902827,doi:10.1016/j.jsg.2022.104667,,,2022-08,omid:br/062301278007,doi:10.1111/jmg.12553,,,2020-07-20
oci:06902403797-061301043722,inbound,omid:br/06902403797,doi:10.1016/j.est.2022.105178,,,2022-09,omid:br/061301043722,doi:10.1016/j.ijthermalsci.2020.106724,,,2021-03
oci:061903560597-061302607097,inbound,omid:br/061903560597,doi:10.1016/j.cobeha.2022.101226,,,2022-12,omid:br/061302607097,doi:10.1038/s41598-019-43860-w,pmid:31086233,,2019-05-13
oci:06130766845-062202147289,inbound,omid:br/06130766845,doi:10.1007/s00330-022-08930-0,pmid:35751698,,2022-06-25,omid:br/062202147289,doi:10.1007/s40477-020-00522-2,pmid:32886345,,2020-09-04
oci:061803534987-061602437804,inbound,omid:br/061803534987,doi:10.3389/fncom.2022.1019776,pmid:36277613,,2022-10-07,omid:br/061602437804,doi:10.1111/j.1469-8986.2009.00804.x,pmid:19386053,,2009-07
oci:06302831867-06101851746,outbound,omid:br/06302831867,doi:10.1016/j.physletb.2013.01.034,,,2013-02,omid:br/06101851746,doi:10.1088/1126-6708/2008/12/104,,,2008-12-29
oci:0619092423-0660819763,inbound,omid:br/0619092423,doi:10.1186/s13578-022-00836-0,pmid:35765060,,2022-06-28,omid:br/0660819763,doi:10.1186/s12933-018-0670-7,pmid:29452601,,2018-02-16
oci:061903541835-0690458188,inbound,omid:br/061903541835,doi:10.3390/s22228713,,,2022-11-11,omid:br/0690458188,doi:10.3390/s150818666,pmid:26263987,,2015-07-30
oci:061103524507-06502209926,inbound,omid:br/061103524507,doi:10.1016/j.envpol.2022.120370,,,2022-12,omid:br/06502209926,doi:10.3390/rs13091823,,,2021-05-07
oci:06903585000-06203455830,inbound,omid:br/06903585000,doi:10.1016/j.nbsj.2022.100042,,,2022-12,omid:br/06203455830,doi:10.1016/j.envres.2019.108799,pmid:31739212,,2019-12
oci:0640290571-0680567915,outbound,omid:br/0640290571,doi:10.1016/j.jbusres.2022.06.028,,,2022-11,omid:br/0680567915,doi:10.1002/1097-0266(200010/11)21:10/11<1105::aid-smj133>3.0.co;2-e,,,2000
oci:06401480146-0670627469,inbound,omid:br/06401480146,doi:10.3367/ufne.0183.201302a.0113,,,2013-02-28,omid:br/0670627469,doi:10.1103/physrevb.75.064418,,,2007-02-16
oci:061503490943-06503028882,outbound,omid:br/061503490943,doi:10.1016/j.earscirev.2022.104199,,,2022-11,omid:br/06503028882,doi:10.1785/0120000933,,,2002-05-01
oci:061803481000-062201122651,inbound,omid:br/061803481000,doi:10.1007/978-3-031-10131-1_9,,,2022,omid:br/062201122651,doi:10.1161/circulationaha.116.021612,pmid:27143678,,2016-06-14
oci:06603136863-06210193675,outbound,omid:br/06603136863,doi:10.1016/j.apsoil.2022.104570,,,2022-10,omid:br/06210193675,doi:10.1088/1755-1315/208/1/012014,,,2018-12-20
oci:06402603893-061103512110,outbound,omid:br/06402603893,doi:10.1016/j.jpba.2022.114913,pmid:35810723,,2022-09,omid:br/061103512110,doi:10.1126/science.286.5439.487,pmid:10521338,,1999-10-15
oci:06403964349-06401194327,inbound,omid:br/06403964349,doi:10.1016/j.rechem.2022.100631,,,2022-01,omid:br/06401194327,doi:10.2174/1568026619666190619115735,pmid:31237210,,2019-10-21
oci:06302831810-061402783463,outbound,omid:br/06302831810,doi:10.1016/j.physletb.2013.02.031,,,2013-03,omid:br/061402783463,doi:10.1016/j.nuclphysbps.2010.08.011,,,2010-08
oci:061403523921-06902660247,inbound,omid:br/061403523921,doi:10.3280/pds2022-003007,,,2022-10,omid:br/06902660247,doi:10.1177/2374373517738234,pmid:29978031,,2017-11-06
oci:06703940573-06220719629,inbound,omid:br/06703940573,doi:10.1111/2041-210x.13968,,,2022-10-06,omid:br/06220719629,doi:10.1111/gcb.14904,pmid:31891233,,2019-12-31
oci:06801339822-061503019092,outbound,omid:br/06801339822,doi:10.3182/20121023-3-fr-4025.00006,,,2012,omid:br/061503019092,doi:10.4271/2011-01-0408,,,2011-04-12
oci:06503949398-06602507885,inbound,omid:br/06503949398,doi:10.1016/j.jjcc.2022.11.005,,,2023-04,omid:br/06602507885,doi:10.1056/nejmoa1915922,pmid:32227755,,2020-04-09
oci:06103469528-061702134027,inbound,omid:br/06103469528,doi:10.1002/hep.32613,pmid:35765265,,2022-07-30,omid:br/061702134027,doi:10.1056/nejmoa0708857,pmid:18650514,,2008-07-24
oci:06103962047-06240556266,inbound,omid:br/06103962047,doi:10.1140/epja/s10050-022-00827-2,,,2022-10-07,omid:br/06240556266,doi:10.1103/physrevc.103.015805,,,2021-01-19
oci:06603211329-06101144647,inbound,omid:br/06603211329,doi:10.1016/j.ijcard.2012.10.026,pmid:23164592,,2013-09,omid:br/06101144647,doi:10.1161/circulationaha.107.742510,pmid:18506008,,2008-06-10
oci:061403530304-0650419224,outbound,omid:br/061403530304,doi:10.1038/s41598-022-21440-9,pmid:36207422,,2022-10-07,omid:br/0650419224,doi:10.1016/j.fas.2014.04.004,pmid:25103709,,2014-09
oci:061203538887-06501562599,inbound,omid:br/061203538887,doi:10.4244/eij-d-21-01080,,,2022-10,omid:br/06501562599,doi:10.1016/j.ahj.2011.10.003,pmid:22172434,,2012-01
oci:06303943478-061901854892,inbound,omid:br/06303943478,doi:10.1007/jhep10(2022)014,,,2022-10-03,omid:br/061901854892,doi:10.1016/j.dark.2019.100371,,,2020-01
oci:06803950788-06260848275,outbound,omid:br/06803950788,doi:10.3390/rs14225740,,,2022-11-13,omid:br/06260848275,doi:10.1080/01431161.2014.883097,,,2014-03-27
oci:06303953813-061201321465,outbound,omid:br/06303953813,doi:10.3389/fgene.2022.1012191,,,2022-11-14,omid:br/061201321465,doi:10.1038/s41416-021-01481-z,pmid:34272498,,2021-07-16
oci:061702616816-06101488334,outbound,omid:br/061702616816,doi:10.1038/s41598-022-15076-y,pmid:35773462,,2022-06-30,omid:br/06101488334,doi:10.1186/1471-2105-13-s4-s1,pmid:22536955,,2012-03-28
oci:061603560432-0680599776,inbound,omid:br/061603560432,doi:10.3389/fcvm.2022.988951,pmid:36277779,,2022-10-07,omid:br/0680599776,doi:10.1093/eurheartj/eht439,pmid:24126876,,2013-10-14
oci:061203534860-0640400629,inbound,omid:br/061203534860,doi:10.1155/2022/1403454,,,2022-11-14,omid:br/0640400629,doi:10.1016/j.jhep.2021.04.049,pmid:33992698,,2021-10
oci:0660610440-0620460789,outbound,omid:br/0660610440,doi:10.1016/j.dld.2022.06.005,pmid:35778229,,2022-06,omid:br/0620460789,doi:10.1186/1471-2458-12-520,pmid:22788387,,2012-07-12
oci:06403957867-061801839767,inbound,omid:br/06403957867,doi:10.1515/acv-2022-0027,,,2022-10-08,omid:br/061801839767,doi:10.1007/s00526-015-0870-x,,,2015-05-26
oci:06103911108-0660990050,inbound,omid:br/06103911108,doi:10.1007/978-3-031-16258-9_2,,,2022,omid:br/0660990050,doi:10.1186/1749-8090-8-223,pmid:24305515,,2013-12
oci:061303471215-06903075700,inbound,omid:br/061303471215,doi:10.2174/9789815050837122010007,,,2022-10-05,omid:br/06903075700,doi:10.1073/pnas.97.2.793,pmid:10639159,,2000-01-18
oci:06302831866-061802411168,outbound,omid:br/06302831866,doi:10.1016/j.physletb.2013.01.049,,,2013-03,omid:br/061802411168,doi:10.1016/0370-2693(78)90858-4,,,1978-07
oci:061803559671-061903092260,inbound,omid:br/061803559671,doi:10.21203/rs.3.rs-2234515/v1,,,2022-11-14,omid:br/061903092260,doi:10.1016/j.thromres.2008.03.025,pmid:18472144,,2009-02
oci:06903548343-0630682501,inbound,omid:br/06903548343,doi:10.1017/s0954579422000906,,,2022-10-06,omid:br/0630682501,doi:10.1016/j.cell.2019.11.020,pmid:31835028,,2019-12
oci:06803950788-0630284957,outbound,omid:br/06803950788,doi:10.3390/rs14225740,,,2022-11-13,omid:br/0630284957,doi:10.1029/94jc00572,,,1994
oci:061203534860-062502720844,inbound,omid:br/061203534860,doi:10.1155/2022/1403454,,,2022-11-14,omid:br/062502720844,doi:10.1016/j.redox.2018.101070,pmid:30576922,,2019-02
oci:062602990883-06120886308,outbound,omid:br/062602990883,doi:10.1017/cbo9781139003308.027,,,2012-11-08,omid:br/06120886308,doi:10.1017/s0022216x00000389,,,1993-02
oci:062203485952-061402844871,inbound,omid:br/062203485952,doi:10.1007/s00228-022-03396-x,pmid:36205743,,2022-10-07,omid:br/061402844871,doi:10.1200/jco.2010.30.8791,pmid:20956629,,2010-11-20
oci:06901499356-061302015176,outbound,omid:br/06901499356,doi:10.1038/s41419-022-05028-9,pmid:35773274,,2022-06,omid:br/061302015176,doi:10.1038/s41375-019-0461-5,pmid:30940908,,2019-04-02
oci:06503949398-0630600947,inbound,omid:br/06503949398,doi:10.1016/j.jjcc.2022.11.005,,,2023-04,omid:br/0630600947,doi:10.7892/boris.107408,pmid:28886622,,2017-08-26
oci:06240872730-06901834066,inbound,omid:br/06240872730,doi:10.1007/s00289-022-04330-y,,,2022-06-28,omid:br/06901834066,doi:10.3390/polym10020167,pmid:30966203,,2018-02-09
oci:062602798413-06601551257,inbound,omid:br/062602798413,doi:10.1016/j.amjcard.2012.11.062,pmid:23340031,,2013-04,omid:br/06601551257,doi:10.1016/j.ahj.2007.04.025,pmid:17643590,,2007-08
oci:06302831720-062601694486,outbound,omid:br/06302831720,doi:10.1016/j.physletb.2013.04.025,,,2013-05,omid:br/062601694486,doi:10.1007/s002880050295,,,1996-12-01
oci:06203901669-06150723418,inbound,omid:br/06203901669,doi:10.1007/978-3-031-17439-1_28,,,2022,omid:br/06150723418,doi:10.1016/j.healthplace.2021.102508,pmid:33476843,,2021-01
oci:062503119989-061401707282,inbound,omid:br/062503119989,doi:10.1016/j.ppnp.2022.103983,,,2022-06,omid:br/061401707282,doi:10.1051/0004-6361/201833910,,,2020-09
oci:06260405907-06190281786,outbound,omid:br/06260405907,doi:10.1108/ijrdm-10-2021-0509,,,2022-06-28,omid:br/06190281786,doi:10.1016/s2468-2667(20)30090-6,pmid:32311320,,2020
oci:062203534316-0623068350,inbound,omid:br/062203534316,doi:10.3390/ma15227996,,,2022-11-12,omid:br/0623068350,doi:10.1007/978-3-540-73349-2,,isbn:9783540733485,2007
oci:06303926616-062103085496,inbound,omid:br/06303926616,doi:10.1016/j.jbusres.2022.113449,,,2023-01,omid:br/062103085496,doi:10.1093/jcr/ucy032,,,2018-04-09
oci:062602990883-06140919089,outbound,omid:br/062602990883,doi:10.1017/cbo9781139003308.027,,,2012-11-08,omid:br/06140919089,doi:10.1086/302801,pmid:10712213,,2000-03
oci:06190725846-0650908967,inbound,omid:br/06190725846,doi:10.1177/13540661221106909,,,2022-07-01,omid:br/0650908967,doi:10.1093/epolic/eiy018,,,2019
oci:0660610439-061402620508,outbound,omid:br/0660610439,doi:10.1016/j.dld.2022.06.007,pmid:35780064,,2022-09,omid:br/061402620508,doi:10.1177/1756283x16671671,pmid:28286558,,2016-10-22
oci:06203904835-061501701532,outbound,omid:br/06203904835,doi:10.1016/j.ces.2022.118294,,,2023-03,omid:br/061501701532,doi:10.1080/00986448108910992,,,1981-07
oci:062602330300-06103466192,inbound,omid:br/062602330300,doi:10.5772/intechopen.104750,,,2022-06-25,omid:br/06103466192,doi:10.1016/j.envres.2020.109754,pmid:32526492,,2020-09
oci:06302831720-06502836446,internal,omid:br/06302831720,doi:10.1016/j.physletb.2013.04.025,,,2013-05,omid:br/06502836446,doi:10.1016/j.physletb.2011.03.060,,,2011-05
oci:06503914594-06801167801,inbound,omid:br/06503914594,doi:10.1016/j.anthro.2022.103072,,,2022-11,omid:br/06801167801,doi:10.1017/rdc.2020.41,,,2020-08
oci:06103914686-062502674089,inbound,omid:br/06103914686,doi:10.1016/j.carbon.2022.10.008,,,2023-01,omid:br/062502674089,doi:10.1021/acsami.8b14188,pmid:30370767,,2018-10-29
oci:061403522320-061701491408,outbound,omid:br/061403522320,doi:10.3390/ijerph192214882,,,2022-11-12,omid:br/061701491408,doi:10.1525/aeq.1998.29.2.155,,,1998-06
oci:062502307409-06501743080,inbound,omid:br/062502307409,doi:10.1007/978-981-16-4306-4_22,,,2022,omid:br/06501743080,doi:10.1051/0004-6361/201118219,,,2012-03
oci:062403522555-0680403188,inbound,omid:br/062403522555,doi:10.1080/14728222.2022.2133699,,,2022-08-03,omid:br/0680403188,doi:10.1016/j.jhep.2015.11.021,pmid:26639396,,2016-04
oci:062602990880-06220343053,inbound,omid:br/062602990880,doi:10.1017/cbo9781139003308.004,,,2012-11-08,omid:br/06220343053,doi:10.1038/nature09710,pmid:21179161,,2010-12
oci:061201804806-06240562640,outbound,omid:br/061201804806,doi:10.2478/ejthr-2021-0025,,,2021-12-01,omid:br/06240562640,doi:10.1080/13683500.2020.1715928,,,2020-02-05
oci:061103556849-06150844673,inbound,omid:br/061103556849,doi:10.3390/antibiotics11111598,,,2022-11-11,omid:br/06150844673,doi:10.1016/j.chest.2021.04.002,pmid:33857475,,2021-08
oci:062403538468-061103058791,inbound,omid:br/062403538468,doi:10.3389/fonc.2022.1045797,,,2022-11-14,omid:br/061103058791,doi:10.1042/bj20140358,pmid:25005557,,2014-09-08
oci:06903459968-061201717724,inbound,omid:br/06903459968,doi:10.1093/mnras/stac1779,,,2022-06-28,omid:br/061201717724,doi:10.1051/0004-6361/202038944,,,2021-05
oci:06503931248-06703941347,inbound,omid:br/06503931248,doi:10.1093/mnras/stac2861,,,2022-10-10,omid:br/06703941347,doi:10.3847/2041-8213/ab960f,,,2020-06-01
oci:061601366864-062301360920,inbound,omid:br/061601366864,doi:10.1016/j.fertnstert.2013.02.055,pmid:23557762,,2013-07,omid:br/062301360920,doi:10.1016/j.fertnstert.2007.09.041,pmid:18243179,,2008-03
oci:06302831866-06901689960,internal,omid:br/06302831866,doi:10.1016/j.physletb.2013.01.049,,,2013-03,omid:br/06901689960,doi:10.1140/epjc/s10052-011-1630-5,,,2011-04
oci:06803950788-061902583035,outbound,omid:br/06803950788,doi:10.3390/rs14225740,,,2022-11-13,omid:br/061902583035,doi:10.1109/tgrs.2011.2182356,,,2012-07
oci:06220788034-0640680784,inbound,omid:br/06220788034,doi:10.1002/cncr.34333,pmid:35767280,,2022-06-29,omid:br/0640680784,doi:10.1016/j.cell.2018.03.022,pmid:29625048,,2018-04
oci:062203538393-062102768545,inbound,omid:br/062203538393,doi:10.1515/anona-2022-0262,,,2022-10-06,omid:br/062102768545,doi:10.1142/p614,,isbn:9781848163300,2010-05
oci:06901660494-065301794,inbound,omid:br/06901660494,doi:10.1016/j.ijsu.2022.106729,pmid:35760345,,2022-08,omid:br/065301794,doi:10.1016/s0140-6736(14)61682-2,,,2015-01
oci:062203427014-06501743856,inbound,omid:br/062203427014,doi:10.1051/0004-6361/202142154,,,2022-09,omid:br/06501743856,doi:10.1051/0004-6361/201117315,,,2011-09
oci:06302831869-06101414903,outbound,omid:br/06302831869,doi:10.1016/j.physletb.2013.01.040,,,2013-02,omid:br/06101414903,doi:10.1103/revmodphys.81.1199,,,2009-08-07
oci:064207645-06170481144,outbound,omid:br/064207645,doi:10.1007/s12371-022-00717-5,,,2022-06-28,omid:br/06170481144,doi:10.1126/science.aaw7293,pmid:32241925,,2020-04-03
oci:06103948764-061901031695,inbound,omid:br/06103948764,doi:10.1530/eje-22-0536,,,2022-11-03,omid:br/061901031695,doi:10.1530/eje-20-1088,pmid:33444221,,2021-01-12
oci:06130769906-062301934553,inbound,omid:br/06130769906,doi:10.1097/mao.0000000000003550,pmid:35763494,,2022-07-29,omid:br/062301934553,doi:10.1007/s12070-011-0159-0,pmid:22468244,,2011-02-23
oci:062103472644-0690603311,inbound,omid:br/062103472644,doi:10.1016/j.jelectrocard.2022.10.013,,,2023-01,omid:br/0690603311,doi:10.1093/eurheartj/ehs397,pmid:23211230,,2012-12-04
oci:06120391883-06301585270,outbound,omid:br/06120391883,doi:10.1016/j.jhep.2012.12.023,pmid:23321318,,2013-05,omid:br/06301585270,doi:10.1053/j.gastro.2010.04.013,pmid:20399780,,2010-07
oci:0670460564-06130908436,inbound,omid:br/0670460564,doi:10.1016/j.jad.2022.07.001,pmid:35798178,,2022-10,omid:br/06130908436,doi:10.1016/j.jpsychires.2017.02.003,pmid:28213170,,2017-06
oci:06402603893-06501386142,outbound,omid:br/06402603893,doi:10.1016/j.jpba.2022.114913,pmid:35810723,,2022-09,omid:br/06501386142,doi:10.1007/bf01062108,pmid:731416,,1978-12
oci:0670918962-062302714802,inbound,omid:br/0670918962,doi:10.5194/nhess-20-1025-2020,,,2020-04-17,omid:br/062302714802,doi:10.1002/2016ef000505,,,2017-03
oci:061203286732-06190347151,inbound,omid:br/061203286732,doi:10.1016/j.jinf.2013.03.013,pmid:23567625,,2013-07,omid:br/06190347151,doi:10.3109/13693780903514872,pmid:20109093,,2010-09
oci:06702354014-06703219549,outbound,omid:br/06702354014,doi:10.1007/978-3-030-45231-5_5,,,2020,omid:br/06703219549,doi:10.1007/978-3-642-82921-5_4,,,1986
oci:06901499356-06402544597,outbound,omid:br/06901499356,doi:10.1038/s41419-022-05028-9,pmid:35773274,,2022-06,omid:br/06402544597,doi:10.1182/bloodadvances.2020001461,pmid:33496740,,2021-01-20
oci:062203514315-06180656760,outbound,omid:br/062203514315,doi:10.1016/j.ejpb.2022.10.001,,,2022-11,omid:br/06180656760,doi:10.1088/0957-4484/19/18/185101,pmid:21825684,,2008-04-01
oci:061603559790-06170345065,inbound,omid:br/061603559790,doi:10.3389/fspas.2022.952296,,,2022-10-07,omid:br/06170345065,doi:10.1038/nature10612,pmid:22158105,,2011-12-07
oci:06803950788-061203297699,outbound,omid:br/06803950788,doi:10.3390/rs14225740,,,2022-11-13,omid:br/061203297699,doi:10.1002/hyp.315,,,2002
oci:061702616916-062501082176,inbound,omid:br/061702616916,doi:10.1038/s41598-022-14948-7,pmid:35768463,,2022-06-29,omid:br/062501082176,doi:10.1111/febs.14777,pmid:30724463,,2019-02-21
oci:061702616860-062101754371,outbound,omid:br/061702616860,doi:10.1038/s41598-022-14747-0,pmid:35768460,,2022-06-29,omid:br/062101754371,doi:10.1007/s00422-011-0469-z,pmid:22249416,,2011-12
oci:062401937982-06250222274,outbound,omid:br/062401937982,doi:10.1016/j.electacta.2020.136250,,,2020-07,omid:br/06250222274,doi:10.1039/c4mh00097h,,,2015
oci:06503457701-062402880813,inbound,omid:br/06503457701,doi:10.1017/laq.2020.4,,,2020-04-17,omid:br/062402880813,doi:10.1016/j.quaint.2015.11.114,,,2016-11
oci:06303511932-06170805962,internal,omid:br/06303511932,doi:10.1016/j.strueco.2022.06.013,,,2022-07,omid:br/06170805962,doi:10.1111/j.1475-6765.1996.tb00653.x,,,1996-04
oci:06903561825-06101772413,inbound,omid:br/06903561825,doi:10.1167/iovs.63.12.18,,,2022-11-14,omid:br/06101772413,doi:10.1016/j.cmet.2017.04.021,pmid:28552492,,2017-06
oci:061503490943-06140280120,outbound,omid:br/061503490943,doi:10.1016/j.earscirev.2022.104199,,,2022-11,omid:br/06140280120,doi:10.1029/2005jb004051,,,2006-05
oci:06703902886-06603289354,outbound,omid:br/06703902886,doi:10.1007/s00248-022-02120-7,pmid:36205738,,2022-10-07,omid:br/06603289354,doi:10.1111/1574-6941.12136,pmid:23607777,,2013-05-13
oci:06190281421-061801637630,outbound,omid:br/06190281421,doi:10.1016/s2468-2667(22)00134-7,pmid:35779567,,2022,omid:br/061801637630,doi:10.1080/17457300.2012.686919,pmid:22620977,,2012-09
oci:06903576047-06803844952,inbound,omid:br/06903576047,doi:10.3389/fped.2022.1012738,,,2022-11-14,omid:br/06803844952,doi:10.1093/eurheartj/ehac237,pmid:36017548,,2022-08-26
oci:06201397037-062401369267,inbound,omid:br/06201397037,doi:10.1016/j.ces.2022.117842,,,2022-10,omid:br/062401369267,doi:10.1016/j.ces.2008.01.005,,,2008-04
oci:06250301060-06901193294,inbound,omid:br/06250301060,doi:10.2139/ssrn.3559447,,,2020,omid:br/06901193294,doi:10.1257/aer.20180511,,,2020-03-01
oci:06903536237-06180831817,outbound,omid:br/06903536237,doi:10.1016/j.enconman.2022.116415,,,2022-12,omid:br/06180831817,doi:10.1016/j.applthermaleng.2020.115139,,,2020-05
oci:06302831745-06201835595,outbound,omid:br/06302831745,doi:10.1016/j.physletb.2013.03.037,,,2013-05,omid:br/06201835595,doi:10.1088/1126-6708/2008/07/060,,,2008-07-11
oci:06302831877-06501753400,outbound,omid:br/06302831877,doi:10.1016/j.physletb.2013.01.024,,,2013-02,omid:br/06501753400,doi:10.1103/physrevc.83.041901,,,2011-04-27
oci:062602671487-06220585147,inbound,omid:br/062602671487,doi:10.2106/jbjs.rvw.19.00144,pmid:32304500,,2020,omid:br/06220585147,doi:10.3928/01477447-20161202-06,pmid:27942738,,2017-05
oci:0640290571-06260115261,outbound,omid:br/0640290571,doi:10.1016/j.jbusres.2022.06.028,,,2022-11,omid:br/06260115261,doi:10.1007/s00146-010-0311-5,,,2010-11-30
oci:061403416990-06210956380,outbound,omid:br/061403416990,doi:10.1016/j.ajog.2022.06.052,pmid:35779589,,2022-11,omid:br/06210956380,doi:10.1016/j.jbi.2008.08.010,pmid:18929686,,2009-04
oci:0620984722-06120722850,inbound,omid:br/0620984722,doi:10.1016/j.neurobiolaging.2012.12.006,pmid:23318115,,2013-06,omid:br/06120722850,doi:10.1002/sim.4370,pmid:21997511,,2011-10-14
oci:061203525227-06401411418,inbound,omid:br/061203525227,doi:10.1007/s12103-022-09696-3,,,2022-08,omid:br/06401411418,doi:10.1016/j.jebo.2018.02.005,,,2019-03
oci:061403530345-06250720402,inbound,omid:br/061403530345,doi:10.1038/s41598-022-21178-4,pmid:36198904,,2022-10-05,omid:br/06250720402,doi:10.1016/j.ultrasmedbio.2021.01.030,pmid:33653627,,2021-06
oci:0630322048-061902011817,inbound,omid:br/0630322048,doi:10.1016/j.bpj.2022.06.035,pmid:35778842,,2022-07,omid:br/061902011817,doi:10.1002/chem.201302229,pmid:24123543,,2013-10-10
oci:061402065931-06602349698,outbound,omid:br/061402065931,doi:10.1038/s43247-022-00484-9,,,2022-06-30,omid:br/06602349698,doi:10.1016/j.cageo.2014.11.008,,,2015-03
oci:06603208818-0650229887,outbound,omid:br/06603208818,doi:10.1111/jai.12148,,,2013-01-10,omid:br/0650229887,doi:10.1017/s0025315403008440h,,,2003-09-19
oci:06703902886-061901065797,outbound,omid:br/06703902886,doi:10.1007/s00248-022-02120-7,pmid:36205738,,2022-10-07,omid:br/061901065797,doi:10.1007/s10123-002-0051-6,pmid:12102234,,2002-03
oci:06180534310-0644011970,outbound,omid:br/06180534310,doi:10.1016/j.chemgeo.2020.119637,,,2020-07,omid:br/0644011970,doi:10.1146/annurev-earth-060614-105215,,,2015-05-30
oci:061803485755-0636032402,outbound,omid:br/061803485755,doi:10.1016/j.ijmecsci.2022.107925,,,2023-03,omid:br/0636032402,doi:10.1016/j.tws.2018.12.009,,,2019-03
oci:06503931595-06201733910,inbound,omid:br/06503931595,doi:10.1093/mnras/stac1784,,,2022-07-01,omid:br/06201733910,doi:10.1051/0004-6361/201321081,,,2013-05-28
oci:064207645-06902801756,outbound,omid:br/064207645,doi:10.1007/s12371-022-00717-5,,,2022-06-28,omid:br/06902801756,doi:10.1002/9781444361094,,isbn:9781444361094,2012-03-28
oci:061703546187-06201423578,inbound,omid:br/061703546187,doi:10.3389/fnmol.2022.1011225,pmid:36277497,,2022-10-06,omid:br/06201423578,doi:10.1002/sctm.19-0327,pmid:32496649,,2020-06-04
oci:062602990883-061102202437,outbound,omid:br/062602990883,doi:10.1017/cbo9781139003308.027,,,2012-11-08,omid:br/061102202437,doi:10.1002/(sici)1096-8644(199706)103:2<147::aid-ajpa1>3.0.co;2-r,pmid:9209572,,1997
oci:06302831941-06402837206,inbound,omid:br/06302831941,doi:10.1016/j.physletb.2012.12.044,,,2013-01,omid:br/06402837206,doi:10.1016/j.physletb.2011.12.046,,,2012-02
oci:06180534310-06110362003,outbound,omid:br/06180534310,doi:10.1016/j.chemgeo.2020.119637,,,2020-07,omid:br/06110362003,doi:10.1038/nature01961,pmid:14508480,,2003-09
oci:06803455718-061201734008,inbound,omid:br/06803455718,doi:10.1016/j.foodchem.2022.133602,pmid:35809549,,2022-11,omid:br/061201734008,doi:10.3390/foods9101509,pmid:33096623,,2020-10-21
oci:061203536245-061502089348,inbound,omid:br/061203536245,doi:10.1186/s13046-022-02496-x,pmid:36203205,,2022-10-07,omid:br/061502089348,doi:10.18632/oncotarget.1905,pmid:24939750,,2014-04-17
oci:062203514315-06170190501,outbound,omid:br/062203514315,doi:10.1016/j.ejpb.2022.10.001,,,2022-11,omid:br/06170190501,doi:10.1016/j.ejpb.2005.12.006,pmid:16527473,,2006-06
oci:062203514315-062601765639,outbound,omid:br/062203514315,doi:10.1016/j.ejpb.2022.10.001,,,2022-11,omid:br/062601765639,doi:10.3390/pharmaceutics13122131,pmid:34959412,,2021-12-10
oci:06403954038-06130889399,outbound,omid:br/06403954038,doi:10.1016/j.frl.2022.103498,,,2023-01,omid:br/06130889399,doi:10.1086/673322,,,2013-08
oci:062603505871-061102773688,outbound,omid:br/062603505871,doi:10.1016/j.futures.2022.103061,,,2022-12,omid:br/061102773688,doi:10.1080/10440046.2012.695331,,,2012-07
oci:06203904835-06702774049,outbound,omid:br/06203904835,doi:10.1016/j.ces.2022.118294,,,2023-03,omid:br/06702774049,doi:10.1063/1.4983494,,,2017-06
oci:0640290571-06502241270,outbound,omid:br/0640290571,doi:10.1016/j.jbusres.2022.06.028,,,2022-11,omid:br/06502241270,doi:10.1108/08876041111119804,,,2011-04-26
oci:061202325966-0637021485,inbound,omid:br/061202325966,doi:10.1016/b978-0-12-823344-3.00002-9,,,2022,omid:br/0637021485,doi:10.18632/aging.100476,pmid:22879348,,2012-07-31
oci:061203540058-06203037828,outbound,omid:br/061203540058,doi:10.1038/s41598-022-23048-5,,,2022-11-12,omid:br/06203037828,doi:10.1097/mnm.0000000000001422,pmid:34397988,,2021-05-05
oci:06103957751-061501295407,inbound,omid:br/06103957751,doi:10.1007/s11605-022-05502-x,,,2022-11-14,omid:br/061501295407,doi:10.1023/b:qure.0000021689.86296.e4,pmid:15129893,,2004
oci:061403541950-06102353191,inbound,omid:br/061403541950,doi:10.1016/j.heliyon.2022.e10973,pmid:36262292,,2022-10,omid:br/06102353191,doi:10.1016/j.lwt.2011.09.013,,,2013-07
oci:062103519040-06703037387,inbound,omid:br/062103519040,doi:10.1016/j.arr.2022.101748,,,2022-12,omid:br/06703037387,doi:10.1016/j.arr.2022.101652,pmid:35659945,,2022-08
oci:062403499499-061402836971,inbound,omid:br/062403499499,doi:10.1016/j.precamres.2022.106860,,,2022-10,omid:br/061402836971,doi:10.1016/j.precamres.2009.01.005,,,2009-05
oci:062103512515-06603296971,inbound,omid:br/062103512515,doi:10.1177/11795468221133608,,,2022-01,omid:br/06603296971,doi:10.1038/nrcardio.2010.67,pmid:20479782,,2010-05-18
oci:06302831810-06301834646,internal,omid:br/06302831810,doi:10.1016/j.physletb.2013.02.031,,,2013-03,omid:br/06301834646,doi:10.1088/1126-6708/2007/09/028,,,2007-09-06
oci:061903509920-06240999199,inbound,omid:br/061903509920,doi:10.3847/1538-4365/ac87a5,,,2022-10-01,omid:br/06240999199,doi:10.1017/pasa.2020.10,,,2020
oci:061403530304-061701039257,outbound,omid:br/061403530304,doi:10.1038/s41598-022-21440-9,pmid:36207422,,2022-10-07,omid:br/061701039257,doi:10.1054/foot.2000.0645,,,2001-03
oci:061203545885-06401278855,outbound,omid:br/061203545885,doi:10.3390/biom12111678,,,2022-11-12,omid:br/06401278855,doi:10.1089/jir.2012.0065,pmid:23705899,,2013-10
oci:062401937982-06120452660,outbound,omid:br/062401937982,doi:10.1016/j.electacta.2020.136250,,,2020-07,omid:br/06120452660,doi:10.1039/c4ee02575j,,,2014-10-02
oci:061702878825-061702396319,inbound,omid:br/061702878825,doi:10.4146/jjspopsy.2022-2111,,,2022-09-30,omid:br/061702396319,doi:10.1080/17461391.2021.1892197,pmid:33599195,,2021-03-23
oci:06903563800-061201628764,inbound,omid:br/06903563800,doi:10.31146/1682-8658-ecg-201-5-5-11,,,2022-10-05,omid:br/061201628764,doi:10.1136/bmjgast-2020-000578,pmid:33627313,,2021-02
oci:06302831869-06701822960,outbound,omid:br/06302831869,doi:10.1016/j.physletb.2013.01.040,,,2013-02,omid:br/06701822960,doi:10.1088/1126-6708/2003/07/001,,,2003-07-01
oci:0660434388-064601231,inbound,omid:br/0660434388,doi:10.1080/14779072.2020.1756778,pmid:32306789,,2020-04-02,omid:br/064601231,doi:10.1016/s0140-6736(18)32261-x,,,2018-10
oci:061803485755-0638030967,outbound,omid:br/061803485755,doi:10.1016/j.ijmecsci.2022.107925,,,2023-03,omid:br/0638030967,doi:10.1016/j.tws.2015.01.002,,,2015-05
oci:06302831764-06801673899,inbound,omid:br/06302831764,doi:10.1016/j.physletb.2013.03.016,,,2013-04,omid:br/06801673899,doi:10.1140/epjc/s10052-012-2043-9,pmid:25814839,,2012-06
oci:06901499356-06601651414,outbound,omid:br/06901499356,doi:10.1038/s41419-022-05028-9,pmid:35773274,,2022-06,omid:br/06601651414,doi:10.7150/jca.14835,pmid:28928900,,2017
oci:06302831810-06702813017,outbound,omid:br/06302831810,doi:10.1016/j.physletb.2013.02.031,,,2013-03,omid:br/06702813017,doi:10.1016/j.physletb.2008.07.014,,,2008-08
oci:061502445696-06401851403,outbound,omid:br/061502445696,doi:10.1016/j.nuclphysb.2013.03.004,,,2013-06,omid:br/06401851403,doi:10.1088/1126-6708/2006/05/026,,,2006-05-09
oci:061601366884-06250161210,inbound,omid:br/061601366884,doi:10.1016/j.fertnstert.2013.03.020,pmid:23535505,,2013-05,omid:br/06250161210,doi:10.3324/haematol.2008.002451,pmid:19278966,,2009-04-01
oci:061202018594-06160144744,inbound,omid:br/061202018594,doi:10.1007/978-1-0716-0536-3_11,,,2020,omid:br/06160144744,doi:10.1186/s12879-014-0726-6,pmid:25551808,,2014-12
oci:0611098547-062601811473,outbound,omid:br/0611098547,doi:10.1002/ajh.25826,pmid:32303111,,2020-05,omid:br/062601811473,doi:10.1182/blood.v99.8.2726,pmid:11929759,,2002-04-15
oci:062403542982-061202120609,inbound,omid:br/062403542982,doi:10.1253/circrep.cr-22-0098,,,2022-11-10,omid:br/061202120609,doi:10.1056/nejmoa1413687,pmid:26308684,,2015-08-27
