id,citing,cited,creation,is_citing_iris,is_cited_iris
oci:064207645-0610735176,omid:br/064207645,omid:br/0610735176,2022-06-28,true,false
oci:061402065931-0613066601,omid:br/061402065931,omid:br/0613066601,2022-06-30,true,true
oci:06260405907-06903346158,omid:br/06260405907,omid:br/06903346158,2022-06-28,true,false
oci:061702616952-0660398258,omid:br/061702616952,omid:br/0660398258,2022-06-28,false,true
oci:06801448990-06402513036,omid:br/06801448990,omid:br/06402513036,2022-06-28,true,false
oci:061702616779-06502253509,omid:br/061702616779,omid:br/06502253509,2022-06-30,false,true
oci:061702616816-06190299097,omid:br/061702616816,omid:br/06190299097,2022-06-30,true,false
oci:06901499356-062602276127,omid:br/06901499356,omid:br/062602276127,2022-06,true,false
oci:06901326456-0660484121,omid:br/06901326456,omid:br/0660484121,2022-06-28,false,true
oci:061402065931-06190686713,omid:br/061402065931,omid:br/06190686713,2022-06-30,true,false
oci:061402065931-06803976440,omid:br/061402065931,omid:br/06803976440,2022-06-30,true,false
oci:06602117402-061701447467,omid:br/06602117402,omid:br/061701447467,2022-06-30,false,true
oci:06203483198-061202120754,omid:br/06203483198,omid:br/061202120754,2022-06-28,false,true
oci:061601368859-061301080998,omid:br/061601368859,omid:br/061301080998,2022-06-30,true,false
oci:061702616860-06230795377,omid:br/061702616860,omid:br/06230795377,2022-06-29,true,false
oci:061302063377-0650466650,omid:br/061302063377,omid:br/0650466650,2022-07,false,true
oci:061301872142-061401863170,omid:br/061301872142,omid:br/061401863170,2022-06-28,false,true
oci:062203427037-061901297390,omid:br/062203427037,omid:br/061901297390,2022-09,false,true
oci:061702616816-06170568532,omid:br/061702616816,omid:br/06170568532,2022-06-30,true,false
oci:061402065931-06220343217,omid:br/061402065931,omid:br/06220343217,2022-06-30,true,false
oci:0640290571-0670153107,omid:br/0640290571,omid:br/0670153107,2022-11,true,false
oci:06230819243-0620656016,omid:br/06230819243,omid:br/0620656016,2022-06,false,true
oci:062103511100-061701214915,omid:br/062103511100,omid:br/061701214915,2022-12,true,false
oci:06260405907-062202985487,omid:br/06260405907,omid:br/062202985487,2022-06-28,true,false
oci:062303451926-06403470503,omid:br/062303451926,omid:br/06403470503,2022-06-30,false,true
oci:06801448990-06702160111,omid:br/06801448990,omid:br/06702160111,2022-06-28,true,false
oci:0634031974-0660786010,omid:br/0634031974,omid:br/0660786010,2022-10,false,true
oci:061401868410-06160273171,omid:br/061401868410,omid:br/06160273171,2022,false,true
oci:06110126134-06190616820,omid:br/06110126134,omid:br/06190616820,2022-09,false,true
oci:06901326477-06503019882,omid:br/06901326477,omid:br/06503019882,2022-06-28,true,false
oci:062503119989-06120487107,omid:br/062503119989,omid:br/06120487107,2022-06,false,true
oci:062103511100-061701215127,omid:br/062103511100,omid:br/061701215127,2022-12,true,false
oci:061301836997-062401513694,omid:br/061301836997,omid:br/062401513694,2022-12,false,true
oci:0620785802-061403122551,omid:br/0620785802,omid:br/061403122551,2022-06-28,false,true
oci:0640290571-061901210011,omid:br/0640290571,omid:br/061901210011,2022-11,true,false
oci:061702616860-062402093189,omid:br/061702616860,omid:br/062402093189,2022-06-29,true,false
oci:0640290571-06401207091,omid:br/0640290571,omid:br/06401207091,2022-11,true,false
oci:06401506250-06502601604,omid:br/06401506250,omid:br/06502601604,2022-10,false,true
oci:06170362878-06702349299,omid:br/06170362878,omid:br/06702349299,2022-06-30,false,true
oci:0612071151-0612071288,omid:br/0612071151,omid:br/0612071288,2022-07-11,false,true
oci:061402065931-061802806269,omid:br/061402065931,omid:br/061802806269,2022-06-30,true,false
oci:061803435984-06150955141,omid:br/061803435984,omid:br/06150955141,2022-08,true,false
oci:061701948985-061501816587,omid:br/061701948985,omid:br/061501816587,2022-06-30,false,true
oci:062501323144-061601639732,omid:br/062501323144,omid:br/061601639732,2022,false,true
oci:061402065931-06802464970,omid:br/061402065931,omid:br/06802464970,2022-06-30,true,false
oci:06210444401-06202265043,omid:br/06210444401,omid:br/06202265043,2022-06-29,false,true
oci:0640290571-0641042677,omid:br/0640290571,omid:br/0641042677,2022-11,true,false
oci:061901854452-061401707282,omid:br/061901854452,omid:br/061401707282,2022-09,false,true
oci:06401733032-0680322104,omid:br/06401733032,omid:br/0680322104,2022,false,true
oci:06901326408-06801167801,omid:br/06901326408,omid:br/06801167801,2022-06-30,false,true
oci:061402065931-06601320171,omid:br/061402065931,omid:br/06601320171,2022-06-30,true,false
oci:0640290571-062301322558,omid:br/0640290571,omid:br/062301322558,2022-11,true,false
oci:0634031984-0690161458,omid:br/0634031984,omid:br/0690161458,2022-10,false,true
oci:062202664267-06901545304,omid:br/062202664267,omid:br/06901545304,2022-07-18,true,false
oci:062203427037-06160743124,omid:br/062203427037,omid:br/06160743124,2022-09,false,true
oci:06160181593-061103300275,omid:br/06160181593,omid:br/061103300275,2022-06-29,false,true
oci:062103511100-06210875700,omid:br/062103511100,omid:br/06210875700,2022-12,true,false
oci:061102804897-0640297525,omid:br/061102804897,omid:br/0640297525,2022-06,false,true
oci:06801448990-06150957929,omid:br/06801448990,omid:br/06150957929,2022-06-28,true,true
oci:06901326477-06250349752,omid:br/06901326477,omid:br/06250349752,2022-06-28,true,false
oci:0640290571-06110290947,omid:br/0640290571,omid:br/06110290947,2022-11,true,false
oci:061502458394-061703346123,omid:br/061502458394,omid:br/061703346123,2022-11,false,true
oci:0640290571-0650286502,omid:br/0640290571,omid:br/0650286502,2022-11,true,false
oci:061702616816-061101476307,omid:br/061702616816,omid:br/061101476307,2022-06-30,true,false
oci:0640290571-061501018083,omid:br/0640290571,omid:br/061501018083,2022-11,true,false
oci:06140978133-062101692304,omid:br/06140978133,omid:br/062101692304,2022-10,false,true
oci:0660610440-06120958789,omid:br/0660610440,omid:br/06120958789,2022-06,true,false
oci:06220580562-06170739213,omid:br/06220580562,omid:br/06170739213,2022-09,false,true
oci:061903445404-06120909872,omid:br/061903445404,omid:br/06120909872,2022-08-08,false,true
oci:06401733030-0680105895,omid:br/06401733030,omid:br/0680105895,2022,true,true
oci:061601254970-06110299890,omid:br/061601254970,omid:br/06110299890,2022-06-29,false,true
oci:06703938603-0690550943,omid:br/06703938603,omid:br/0690550943,2022-10-07,false,true
oci:064207645-061203072939,omid:br/064207645,omid:br/061203072939,2022-06-28,true,false
oci:061501268922-061501664143,omid:br/061501268922,omid:br/061501664143,2022-06-29,false,true
oci:06801141604-06801142517,omid:br/06801141604,omid:br/06801142517,2022-07-22,false,true
oci:061201804806-06603203508,omid:br/061201804806,omid:br/06603203508,2021-12-01,true,false
oci:061401868410-06402227938,omid:br/061401868410,omid:br/06402227938,2022,false,true
oci:06803957105-06103821912,omid:br/06803957105,omid:br/06103821912,2022-11-15,false,true
oci:06803455726-062303044382,omid:br/06803455726,omid:br/062303044382,2022-11,false,true
oci:062203427019-061801809035,omid:br/062203427019,omid:br/061801809035,2022-10,false,true
oci:06303511932-06203167859,omid:br/06303511932,omid:br/06203167859,2022-07,true,false
oci:06801141604-06901357507,omid:br/06801141604,omid:br/06901357507,2022-07-22,false,true
oci:064207645-061102215058,omid:br/064207645,omid:br/061102215058,2022-06-28,true,false
oci:0690929967-061102416743,omid:br/0690929967,omid:br/061102416743,2022-11,false,true
oci:06303954743-06260738926,omid:br/06303954743,omid:br/06260738926,2022-11,true,false
oci:064207645-06901174317,omid:br/064207645,omid:br/06901174317,2022-06-28,true,false
oci:06303511932-061803310084,omid:br/06303511932,omid:br/061803310084,2022-07,true,false
oci:0660610440-06260939938,omid:br/0660610440,omid:br/06260939938,2022-06,true,false
oci:061803435984-061102816591,omid:br/061803435984,omid:br/061102816591,2022-08,true,false
oci:06901499356-061301804069,omid:br/06901499356,omid:br/061301804069,2022-06,true,false
oci:061701948983-06302190421,omid:br/061701948983,omid:br/06302190421,2022-07-04,false,true
oci:06303511932-06801415384,omid:br/06303511932,omid:br/06801415384,2022-07,true,false
oci:061601368859-06210269971,omid:br/061601368859,omid:br/06210269971,2022-06-30,true,false
oci:0640290571-0610152153,omid:br/0640290571,omid:br/0610152153,2022-11,true,false
oci:06901499356-061901985841,omid:br/06901499356,omid:br/061901985841,2022-06,true,false
oci:061702616874-062301308805,omid:br/061702616874,omid:br/062301308805,2022-06-29,false,true
oci:061202090713-061802428953,omid:br/061202090713,omid:br/061802428953,2022-10,false,true
oci:061603306271-0630600947,omid:br/061603306271,omid:br/0630600947,2022-09,false,true
oci:061303518907-062102175451,omid:br/061303518907,omid:br/062102175451,2022-10-07,false,true
oci:061702616860-0650276207,omid:br/061702616860,omid:br/0650276207,2022-06-29,true,false
oci:062502307413-061601519434,omid:br/062502307413,omid:br/061601519434,2022-06,false,true
oci:061702616816-06101176669,omid:br/061702616816,omid:br/06101176669,2022-06-30,true,false
oci:06502732859-06230836070,omid:br/06502732859,omid:br/06230836070,2022,false,true
oci:061503542568-0660140316,omid:br/061503542568,omid:br/0660140316,2022-10-07,false,true
oci:061303496843-061802039482,omid:br/061303496843,omid:br/061802039482,2022-07-03,false,true
oci:061402065931-061901518960,omid:br/061402065931,omid:br/061901518960,2022-06-30,true,false
oci:06901326477-062601775581,omid:br/06901326477,omid:br/062601775581,2022-06-28,true,false
oci:06501799590-06901181572,omid:br/06501799590,omid:br/06901181572,2022-08,false,true
oci:06120213053-062101419788,omid:br/06120213053,omid:br/062101419788,2022-07-04,false,true
oci:061401868393-061502120838,omid:br/061401868393,omid:br/061502120838,2022,false,true
oci:061702878825-061601144288,omid:br/061702878825,omid:br/061601144288,2022-09-30,false,true
oci:062303532729-06210417562,omid:br/062303532729,omid:br/06210417562,2022-08,false,true
oci:061602446151-06260452169,omid:br/061602446151,omid:br/06260452169,2022-08,false,true
oci:061503488296-061602633216,omid:br/061503488296,omid:br/061602633216,2022,false,true
oci:062103511100-062301208947,omid:br/062103511100,omid:br/062301208947,2022-12,true,false
oci:061503490943-06190779793,omid:br/061503490943,omid:br/06190779793,2022-11,true,false
oci:06302830185-06301676167,omid:br/06302830185,omid:br/06301676167,2022-09,true,true
oci:061702616816-0670430192,omid:br/061702616816,omid:br/0670430192,2022-06-30,true,false
oci:064207645-062102275042,omid:br/064207645,omid:br/062102275042,2022-06-28,true,false
oci:06202241274-062601281094,omid:br/06202241274,omid:br/062601281094,2022-11,true,true
oci:061201804806-06260702393,omid:br/061201804806,omid:br/06260702393,2021-12-01,true,false
oci:068079565-06201094137,omid:br/068079565,omid:br/06201094137,2022-06,false,true
oci:062601660242-061202452070,omid:br/062601660242,omid:br/061202452070,2022-06-30,false,true
oci:06903559425-06901847589,omid:br/06903559425,omid:br/06901847589,2022,false,true
oci:061303543720-06403303254,omid:br/061303543720,omid:br/06403303254,2022-10,false,true
oci:062602425157-06120592473,omid:br/062602425157,omid:br/06120592473,2022-09,false,true
oci:06190281421-06170419357,omid:br/06190281421,omid:br/06170419357,2022-08,true,false
oci:062503467520-06403477311,omid:br/062503467520,omid:br/06403477311,2022,true,false
oci:06901326477-0660170946,omid:br/06901326477,omid:br/0660170946,2022-06-28,true,false
oci:062203427014-061801809320,omid:br/062203427014,omid:br/061801809320,2022-09,false,true
oci:06501799589-0620219939,omid:br/06501799589,omid:br/0620219939,2022-08,false,true
oci:061201804806-0641043415,omid:br/061201804806,omid:br/0641043415,2021-12-01,true,false
oci:06230465644-061101317758,omid:br/06230465644,omid:br/061101317758,2022-06,false,true
oci:061702616816-061601955210,omid:br/061702616816,omid:br/061601955210,2022-06-30,true,false
oci:062203514315-06160138968,omid:br/062203514315,omid:br/06160138968,2022-11,true,true
oci:0640290571-0670286986,omid:br/0640290571,omid:br/0670286986,2022-11,true,false
oci:062202664267-062101530791,omid:br/062202664267,omid:br/062101530791,2022-07-18,true,false
oci:06801448990-06702160181,omid:br/06801448990,omid:br/06702160181,2022-06-28,true,false
oci:061501268922-0680611605,omid:br/061501268922,omid:br/0680611605,2022-06-29,false,true
oci:061102163112-06402516526,omid:br/061102163112,omid:br/06402516526,2022-06,false,true
oci:062103511100-061701215098,omid:br/062103511100,omid:br/061701215098,2022-12,true,false
oci:061503342614-06260570892,omid:br/061503342614,omid:br/06260570892,2022-06,false,true
oci:062203427019-06502874163,omid:br/062203427019,omid:br/06502874163,2022-10,false,true
oci:0640683487-0620149889,omid:br/0640683487,omid:br/0620149889,2022-06-30,false,true
oci:062502307409-06260583407,omid:br/062502307409,omid:br/06260583407,2022,false,true
oci:061301262075-06260161845,omid:br/061301262075,omid:br/06260161845,2022-06-28,false,true
oci:06302830185-06401688682,omid:br/06302830185,omid:br/06401688682,2022-09,true,true
oci:062203514315-06802185491,omid:br/062203514315,omid:br/06802185491,2022-11,true,false
oci:062303546312-06902334060,omid:br/062303546312,omid:br/06902334060,2022-08,true,false
oci:061402065931-061401551370,omid:br/061402065931,omid:br/061401551370,2022-06-30,true,false
oci:061103561589-0640841486,omid:br/061103561589,omid:br/0640841486,2022-10-06,false,true
oci:061601022493-06180349403,omid:br/061601022493,omid:br/06180349403,2022-06-28,false,true
oci:062503537315-06201272009,omid:br/062503537315,omid:br/06201272009,2022-10-07,false,true
oci:061801161797-0650873936,omid:br/061801161797,omid:br/0650873936,2022-06-30,false,true
oci:0603894392-061802815308,omid:br/0603894392,omid:br/061802815308,2022-10-07,false,true
oci:062103526312-062401225137,omid:br/062103526312,omid:br/062401225137,2022-10-01,false,true
oci:06901326407-064701796,omid:br/06901326407,omid:br/064701796,2022-06-30,false,true
oci:06703902886-06110492525,omid:br/06703902886,omid:br/06110492525,2022-10-07,true,false
oci:0640290571-061701550998,omid:br/0640290571,omid:br/061701550998,2022-11,true,false
oci:062602120662-06403463164,omid:br/062602120662,omid:br/06403463164,2022-07,false,true
oci:06603136863-061302608732,omid:br/06603136863,omid:br/061302608732,2022-10,true,false
oci:0630219308-06180856676,omid:br/0630219308,omid:br/06180856676,2022-11,false,true
oci:0640290571-06250648256,omid:br/0640290571,omid:br/06250648256,2022-11,true,false
oci:061403427555-06803010663,omid:br/061403427555,omid:br/06803010663,2022-07-01,false,true
oci:064207645-06210158775,omid:br/064207645,omid:br/06210158775,2022-06-28,true,false
oci:061702616860-061901856074,omid:br/061702616860,omid:br/061901856074,2022-06-29,true,false
oci:062403029791-06802866539,omid:br/062403029791,omid:br/06802866539,2022-11,false,true
oci:061103552375-062103323888,omid:br/061103552375,omid:br/062103323888,2022-12,false,true
oci:061703521421-06801167801,omid:br/061703521421,omid:br/06801167801,2022-11,false,true
oci:064207645-062502732378,omid:br/064207645,omid:br/062502732378,2022-06-28,true,true
oci:06203954013-06220719629,omid:br/06203954013,omid:br/06220719629,2022-10-07,false,true
oci:0620698484-0650393278,omid:br/0620698484,omid:br/0650393278,2022-06,false,true
oci:061803490962-06201789171,omid:br/061803490962,omid:br/06201789171,2023-02,false,true
oci:062601870776-06180245219,omid:br/062601870776,omid:br/06180245219,2022-11,false,true
oci:061402065931-0620687286,omid:br/061402065931,omid:br/0620687286,2022-06-30,true,false
oci:06190281421-06120714059,omid:br/06190281421,omid:br/06120714059,2022-08,true,false
oci:061702616860-0636019836,omid:br/061702616860,omid:br/0636019836,2022-06-29,true,false
oci:062303521876-06260985321,omid:br/062303521876,omid:br/06260985321,2022-10-06,false,true
oci:06901326473-061101317758,omid:br/06901326473,omid:br/061101317758,2022-06-28,false,true
oci:06903557945-061802815120,omid:br/06903557945,omid:br/061802815120,2022-10-07,false,true
oci:062402346002-061201030361,omid:br/062402346002,omid:br/061201030361,2022-06-27,false,true
oci:06803955053-0618066305,omid:br/06803955053,omid:br/0618066305,2022-11,false,true
oci:061402065931-0620687151,omid:br/061402065931,omid:br/0620687151,2022-06-30,true,false
oci:062602120662-064401424,omid:br/062602120662,omid:br/064401424,2022-07,false,true
oci:062203514315-061302031990,omid:br/062203514315,omid:br/061302031990,2022-11,true,false
oci:062601627134-0640680785,omid:br/062601627134,omid:br/0640680785,2022-08,false,true
oci:061903525972-0630600948,omid:br/061903525972,omid:br/0630600948,2022-11,false,true
oci:062202664267-0628013923,omid:br/062202664267,omid:br/0628013923,2022-07-18,true,true
oci:062303533773-062201168084,omid:br/062303533773,omid:br/062201168084,2022-10-06,false,true
oci:061603559790-061601823165,omid:br/061603559790,omid:br/061601823165,2022-10-07,false,true
oci:061503490943-061101164218,omid:br/061503490943,omid:br/061101164218,2022-11,true,false
oci:06103962294-06701667056,omid:br/06103962294,omid:br/06701667056,2022-10-07,false,true
oci:061803435984-06602141706,omid:br/061803435984,omid:br/06602141706,2022-08,true,false
oci:06302830185-06602830532,omid:br/06302830185,omid:br/06602830532,2022-09,true,true
oci:06190281421-06120713487,omid:br/06190281421,omid:br/06120713487,2022-08,true,true
oci:06903557664-06150775842,omid:br/06903557664,omid:br/06150775842,2022-10-07,false,true
oci:06203904835-061601831843,omid:br/06203904835,omid:br/061601831843,2023-03,true,false
oci:06703951373-06401831454,omid:br/06703951373,omid:br/06401831454,2022-10-07,false,true
oci:06601771920-06140432015,omid:br/06601771920,omid:br/06140432015,2022-06-29,false,true
oci:06250980087-062401276024,omid:br/06250980087,omid:br/062401276024,2022-06-25,false,true
oci:06190121073-06210118530,omid:br/06190121073,omid:br/06210118530,2022-06,false,true
oci:06301631071-06801713614,omid:br/06301631071,omid:br/06801713614,2022-06-29,false,true
oci:0640290571-06150110011,omid:br/0640290571,omid:br/06150110011,2022-11,true,false
oci:062103515832-06250194708,omid:br/062103515832,omid:br/06250194708,2022-10-06,false,true
oci:062203504807-06701521412,omid:br/062203504807,omid:br/06701521412,2022-10-06,false,true
oci:061201804806-06302869307,omid:br/061201804806,omid:br/06302869307,2021-12-01,true,false
oci:0630219308-0610687142,omid:br/0630219308,omid:br/0610687142,2022-11,false,true
oci:061702616816-06160992499,omid:br/061702616816,omid:br/06160992499,2022-06-30,true,false
oci:061503490943-06230235472,omid:br/061503490943,omid:br/06230235472,2022-11,true,false
oci:06603918763-06160925897,omid:br/06603918763,omid:br/06160925897,2022-11,false,true
oci:061702616816-06303530117,omid:br/061702616816,omid:br/06303530117,2022-06-30,true,false
oci:06403962913-061902044439,omid:br/06403962913,omid:br/061902044439,2023-02-01,false,true
oci:061702616613-06203119038,omid:br/061702616613,omid:br/06203119038,2022-07-04,true,false
oci:06303959762-061501040297,omid:br/06303959762,omid:br/061501040297,2022-12,true,false
oci:061702616816-062601061866,omid:br/061702616816,omid:br/062601061866,2022-06-30,true,false
oci:062503467520-062502562934,omid:br/062503467520,omid:br/062502562934,2022,true,false
oci:06303959762-06250194534,omid:br/06303959762,omid:br/06250194534,2022-12,true,false
oci:06203904835-061201804275,omid:br/06203904835,omid:br/061201804275,2023-03,true,false
oci:06303959762-062401151329,omid:br/06303959762,omid:br/062401151329,2022-12,true,false
oci:062403526759-061301137509,omid:br/062403526759,omid:br/061301137509,2022-10-06,false,true
oci:06160868717-0680525458,omid:br/06160868717,omid:br/0680525458,2022-06-30,false,true
oci:06150665563-062202091272,omid:br/06150665563,omid:br/062202091272,2022-12,false,true
oci:06401733033-06901516740,omid:br/06401733033,omid:br/06901516740,2022,false,true
oci:062603523723-064601404,omid:br/062603523723,omid:br/064601404,2022-10-18,false,true
oci:061403530304-06503061204,omid:br/061403530304,omid:br/06503061204,2022-10-07,true,false
oci:06603136863-061601530086,omid:br/06603136863,omid:br/061601530086,2022-10,true,false
oci:06201397037-062401864825,omid:br/06201397037,omid:br/062401864825,2022-10,false,true
oci:061103551739-061301403955,omid:br/061103551739,omid:br/061301403955,2022-12,true,false
oci:062403531958-06801425705,omid:br/062403531958,omid:br/06801425705,2022-09-30,false,true
oci:062601280352-06120498565,omid:br/062601280352,omid:br/06120498565,2022,false,true
oci:06240872730-0610177272,omid:br/06240872730,omid:br/0610177272,2022-06-28,false,true
oci:062103520219-06202188723,omid:br/062103520219,omid:br/06202188723,2022-10-07,false,true
oci:061503487204-0630911159,omid:br/061503487204,omid:br/0630911159,2022,false,true
oci:06203853501-064701795,omid:br/06203853501,omid:br/064701795,2022-07-01,false,true
oci:061702616613-06102316483,omid:br/061702616613,omid:br/06102316483,2022-07-04,true,false
oci:0650299193-061601556352,omid:br/0650299193,omid:br/061601556352,2022-07,true,false
oci:062303546312-061601210529,omid:br/062303546312,omid:br/061601210529,2022-08,true,false
oci:06203531394-06402289305,omid:br/06203531394,omid:br/06402289305,2022-06,false,true
oci:061601368859-06140652675,omid:br/061601368859,omid:br/06140652675,2022-06-30,true,false
oci:06703902886-0630291595,omid:br/06703902886,omid:br/0630291595,2022-10-07,true,false
oci:061503490943-06702330275,omid:br/061503490943,omid:br/06702330275,2022-11,true,true
oci:061203538883-06260610640,omid:br/061203538883,omid:br/06260610640,2022-10,false,true
oci:06901326477-0610597495,omid:br/06901326477,omid:br/0610597495,2022-06-28,true,false
oci:06701344151-062102052215,omid:br/06701344151,omid:br/062102052215,2022-06-28,false,true
oci:062203514315-06401759663,omid:br/062203514315,omid:br/06401759663,2022-11,true,false
oci:061103499719-06180948923,omid:br/061103499719,omid:br/06180948923,2022-01-31,false,true
oci:06503941893-06202833834,omid:br/06503941893,omid:br/06202833834,2022-12,false,true
oci:06503973856-06120795416,omid:br/06503973856,omid:br/06120795416,2023-01,false,true
oci:06702551699-0660471534,omid:br/06702551699,omid:br/0660471534,2022,false,true
oci:06190979582-06130586202,omid:br/06190979582,omid:br/06130586202,2022-08,false,true
oci:06603136863-062203030934,omid:br/06603136863,omid:br/062203030934,2022-10,true,false
oci:06203965676-06803027803,omid:br/06203965676,omid:br/06803027803,2022-12-08,false,true
oci:061403506894-06190737299,omid:br/061403506894,omid:br/06190737299,2022-09-16,true,false
oci:062203514768-06901954407,omid:br/062203514768,omid:br/06901954407,2022-10-07,true,false
oci:062503530866-064401899,omid:br/062503530866,omid:br/064401899,2022-11-14,false,true
oci:06303959762-06803144842,omid:br/06303959762,omid:br/06803144842,2022-12,true,false
oci:06502732533-0660993530,omid:br/06502732533,omid:br/0660993530,2022,false,true
oci:062503491536-0630158120,omid:br/062503491536,omid:br/0630158120,2022-11-13,false,true
oci:061402788982-06602352283,omid:br/061402788982,omid:br/06602352283,2022-09,false,true
oci:061302147192-061701537240,omid:br/061302147192,omid:br/061701537240,2022-06,false,true
oci:062202664267-062601558018,omid:br/062202664267,omid:br/062601558018,2022-07-18,true,false
oci:061702616816-061702240031,omid:br/061702616816,omid:br/061702240031,2022-06-30,true,false
oci:06803939357-06603212718,omid:br/06803939357,omid:br/06603212718,2022-11-02,false,true
oci:062501758654-06502510452,omid:br/062501758654,omid:br/06502510452,2022-07,false,true
oci:06120213054-06140770253,omid:br/06120213054,omid:br/06140770253,2022-06-30,false,true
oci:061803490962-061901670568,omid:br/061803490962,omid:br/061901670568,2023-02,false,true
oci:06140106908-0670424677,omid:br/06140106908,omid:br/0670424677,2022-09,false,true
oci:06903536237-061201196640,omid:br/06903536237,omid:br/061201196640,2022-12,true,false
oci:06803959875-06230333202,omid:br/06803959875,omid:br/06230333202,2022-10-07,false,true
oci:06603971612-061602668904,omid:br/06603971612,omid:br/061602668904,2022-10,true,false
oci:062203514879-06501775406,omid:br/062203514879,omid:br/06501775406,2022-10-06,false,true
oci:06503968935-064301338,omid:br/06503968935,omid:br/064301338,2022-11-14,false,true
oci:06260405907-062601315954,omid:br/06260405907,omid:br/062601315954,2022-06-28,true,false
oci:061402065931-061901518957,omid:br/061402065931,omid:br/061901518957,2022-06-30,true,false
oci:06703933182-064901367,omid:br/06703933182,omid:br/064901367,2022-10-06,false,true
oci:06190979568-0660294058,omid:br/06190979568,omid:br/0660294058,2022-09,false,true
oci:06190281424-064701810,omid:br/06190281424,omid:br/064701810,2022-07,false,true
oci:06703920312-06170539877,omid:br/06703920312,omid:br/06170539877,2022-11,false,true
oci:061403466016-06120868950,omid:br/061403466016,omid:br/06120868950,2022,false,true
oci:061503490943-06801167801,omid:br/061503490943,omid:br/06801167801,2022-11,true,true
oci:06503931248-061802029191,omid:br/06503931248,omid:br/061802029191,2022-10-10,false,true
oci:061403416990-06601040621,omid:br/061403416990,omid:br/06601040621,2022-11,true,false
oci:061601444199-06140344234,omid:br/061601444199,omid:br/06140344234,2022-07-13,false,true
oci:062303532729-06210417640,omid:br/062303532729,omid:br/06210417640,2022-08,false,true
oci:061503490943-0629046161,omid:br/061503490943,omid:br/0629046161,2022-11,true,false
oci:06303964449-064801528,omid:br/06303964449,omid:br/064801528,2022-12,false,true
oci:06303939914-061903133554,omid:br/06303939914,omid:br/061903133554,2022-12,false,true
oci:06303963894-061303111495,omid:br/06303963894,omid:br/061303111495,2022-12,false,true
oci:062303546312-062101200084,omid:br/062303546312,omid:br/062101200084,2022-08,true,false
oci:062203514315-062202828912,omid:br/062203514315,omid:br/062202828912,2022-11,true,true
oci:061803485755-061401182564,omid:br/061803485755,omid:br/061401182564,2023-03,true,false
oci:061703572340-06302306583,omid:br/061703572340,omid:br/06302306583,2022-11-14,false,true
oci:06203919573-06501554312,omid:br/06203919573,omid:br/06501554312,2022-11,false,true
oci:06903568853-061601692508,omid:br/06903568853,omid:br/061601692508,2022-11-14,false,true
oci:061203481356-061801292847,omid:br/061203481356,omid:br/061801292847,2022-11-01,false,true
oci:061403506894-06220384789,omid:br/061403506894,omid:br/06220384789,2022-09-16,true,false
oci:06901326444-06202599826,omid:br/06901326444,omid:br/06202599826,2022-06-29,false,true
oci:061403522320-06303155780,omid:br/061403522320,omid:br/06303155780,2022-11-12,true,false
oci:062403522826-0652049863,omid:br/062403522826,omid:br/0652049863,2022-10-14,false,true
oci:062203533232-06140432015,omid:br/062203533232,omid:br/06140432015,2022-10-06,false,true
oci:061503490943-062501028525,omid:br/061503490943,omid:br/062501028525,2022-11,true,false
oci:06503951919-06401022505,omid:br/06503951919,omid:br/06401022505,2022-12,false,true
oci:061403509898-0680106130,omid:br/061403509898,omid:br/0680106130,2023-03,false,true
oci:061803520278-0634062186,omid:br/061803520278,omid:br/0634062186,2022-11-14,false,true
oci:06901326477-06180449657,omid:br/06901326477,omid:br/06180449657,2022-06-28,true,false
oci:06303954743-061601524082,omid:br/06303954743,omid:br/061601524082,2022-11,true,true
oci:062503119989-062401680807,omid:br/062503119989,omid:br/062401680807,2022-06,false,true
oci:061103449869-061602166486,omid:br/061103449869,omid:br/061602166486,2022-07,false,true
oci:06130176774-06502413459,omid:br/06130176774,omid:br/06502413459,2022-09,false,true
oci:06603938872-06902885285,omid:br/06603938872,omid:br/06902885285,2022-11-15,false,true
oci:0640290571-0670287556,omid:br/0640290571,omid:br/0670287556,2022-11,true,false
oci:061703499444-06140690033,omid:br/061703499444,omid:br/06140690033,2022-10-06,false,true
oci:063909156-062402608921,omid:br/063909156,omid:br/062402608921,2022-09,false,true
oci:061603530017-061401267735,omid:br/061603530017,omid:br/061401267735,2022-10-21,false,true
oci:06603983412-06601225566,omid:br/06603983412,omid:br/06601225566,2023,false,true
oci:06302830185-06130393486,omid:br/06302830185,omid:br/06130393486,2022-09,true,false
oci:061203545885-062601580973,omid:br/061203545885,omid:br/062601580973,2022-11-12,true,false
oci:061602446151-06901666970,omid:br/061602446151,omid:br/06901666970,2022-08,false,true
oci:061303533682-061801873941,omid:br/061303533682,omid:br/061801873941,2022,false,true
oci:06303511932-062301249675,omid:br/06303511932,omid:br/062301249675,2022-07,true,false
oci:061703490291-061801558541,omid:br/061703490291,omid:br/061801558541,2012-02,false,true
oci:064098465-06503466167,omid:br/064098465,omid:br/06503466167,2022-10,false,true
oci:064207645-06401691908,omid:br/064207645,omid:br/06401691908,2022-06-28,true,false
oci:062503535001-06150204324,omid:br/062503535001,omid:br/06150204324,2022-11-12,false,true
oci:061303518907-06250393039,omid:br/061303518907,omid:br/06250393039,2022-10-07,false,true
oci:062203504340-06803708269,omid:br/062203504340,omid:br/06803708269,2022-10-06,false,true
oci:06303943492-061701609044,omid:br/06303943492,omid:br/061701609044,2022-10-05,true,false
oci:061803481826-0680273480,omid:br/061803481826,omid:br/0680273480,2022,false,true
oci:06303959762-06603033546,omid:br/06303959762,omid:br/06603033546,2022-12,true,false
oci:061101902827-061301040056,omid:br/061101902827,omid:br/061301040056,2022-08,false,true
oci:062503523798-06801449419,omid:br/062503523798,omid:br/06801449419,2022-10-06,false,true
oci:06801448990-06140389319,omid:br/06801448990,omid:br/06140389319,2022-06-28,true,false
oci:06401988722-06220343053,omid:br/06401988722,omid:br/06220343053,2012-11-08,false,true
oci:062603550894-06902073055,omid:br/062603550894,omid:br/06902073055,2022-10-27,false,true
oci:06110126131-061502861212,omid:br/06110126131,omid:br/061502861212,2022-09,false,true
oci:06303941799-061301037893,omid:br/06303941799,omid:br/061301037893,2022-11,false,true
oci:061803481000-06402516952,omid:br/061803481000,omid:br/06402516952,2022,false,true
oci:06903563787-06110953161,omid:br/06903563787,omid:br/06110953161,2022-10-07,false,true
oci:06703889228-06250404256,omid:br/06703889228,omid:br/06250404256,2022-11-30,false,true
oci:061702616816-06802528232,omid:br/061702616816,omid:br/06802528232,2022-06-30,true,false
oci:062203527987-061901062523,omid:br/062203527987,omid:br/061901062523,2022-11,false,true
oci:06803959875-06202438481,omid:br/06803959875,omid:br/06202438481,2022-10-07,false,true
oci:061103551739-062303089807,omid:br/061103551739,omid:br/062303089807,2022-12,true,false
oci:06230678435-062602325039,omid:br/06230678435,omid:br/062602325039,2022-10,false,true
oci:061101902827-062301278007,omid:br/061101902827,omid:br/062301278007,2022-08,false,true
oci:06902403797-061301043722,omid:br/06902403797,omid:br/061301043722,2022-09,false,true
oci:061903560597-061302607097,omid:br/061903560597,omid:br/061302607097,2022-12,false,true
oci:06130766845-062202147289,omid:br/06130766845,omid:br/062202147289,2022-06-25,false,true
oci:061803534987-061602437804,omid:br/061803534987,omid:br/061602437804,2022-10-07,false,true
oci:06302831867-06101851746,omid:br/06302831867,omid:br/06101851746,2013-02,true,false
oci:0619092423-0660819763,omid:br/0619092423,omid:br/0660819763,2022-06-28,false,true
oci:061903541835-0690458188,omid:br/061903541835,omid:br/0690458188,2022-11-11,false,true
oci:061103524507-06502209926,omid:br/061103524507,omid:br/06502209926,2022-12,false,true
oci:06903585000-06203455830,omid:br/06903585000,omid:br/06203455830,2022-12,false,true
oci:0640290571-0680567915,omid:br/0640290571,omid:br/0680567915,2022-11,true,false
oci:06401480146-0670627469,omid:br/06401480146,omid:br/0670627469,2013-02-28,false,true
oci:061503490943-06503028882,omid:br/061503490943,omid:br/06503028882,2022-11,true,false
oci:061803481000-062201122651,omid:br/061803481000,omid:br/062201122651,2022,false,true
oci:06603136863-06210193675,omid:br/06603136863,omid:br/06210193675,2022-10,true,false
oci:06402603893-061103512110,omid:br/06402603893,omid:br/061103512110,2022-09,true,false
oci:06403964349-06401194327,omid:br/06403964349,omid:br/06401194327,2022-01,false,true
oci:06302831810-061402783463,omid:br/06302831810,omid:br/061402783463,2013-03,true,false
oci:061403523921-06902660247,omid:br/061403523921,omid:br/06902660247,2022-10,false,true
oci:06703940573-06220719629,omid:br/06703940573,omid:br/06220719629,2022-10-06,false,true
oci:06801339822-061503019092,omid:br/06801339822,omid:br/061503019092,2012,true,false
oci:06503949398-06602507885,omid:br/06503949398,omid:br/06602507885,2023-04,false,true
oci:06103469528-061702134027,omid:br/06103469528,omid:br/061702134027,2022-07-30,false,true
oci:06103962047-06240556266,omid:br/06103962047,omid:br/06240556266,2022-10-07,false,true
oci:06603211329-06101144647,omid:br/06603211329,omid:br/06101144647,2013-09,false,true
oci:061403530304-0650419224,omid:br/061403530304,omid:br/0650419224,2022-10-07,true,false
oci:061203538887-06501562599,omid:br/061203538887,omid:br/06501562599,2022-10,false,true
oci:06303943478-061901854892,omid:br/06303943478,omid:br/061901854892,2022-10-03,false,true
oci:06803950788-06260848275,omid:br/06803950788,omid:br/06260848275,2022-11-13,true,false
oci:06303953813-061201321465,omid:br/06303953813,omid:br/061201321465,2022-11-14,true,false
oci:061702616816-06101488334,omid:br/061702616816,omid:br/06101488334,2022-06-30,true,false
oci:061603560432-0680599776,omid:br/061603560432,omid:br/0680599776,2022-10-07,false,true
oci:061203534860-0640400629,omid:br/061203534860,omid:br/0640400629,2022-11-14,false,true
oci:0660610440-0620460789,omid:br/0660610440,omid:br/0620460789,2022-06,true,false
oci:06403957867-061801839767,omid:br/06403957867,omid:br/061801839767,2022-10-08,false,true
oci:06103911108-0660990050,omid:br/06103911108,omid:br/0660990050,2022,false,true
oci:061303471215-06903075700,omid:br/061303471215,omid:br/06903075700,2022-10-05,false,true
oci:06302831866-061802411168,omid:br/06302831866,omid:br/061802411168,2013-03,true,false
oci:061803559671-061903092260,omid:br/061803559671,omid:br/061903092260,2022-11-14,false,true
oci:06903548343-0630682501,omid:br/06903548343,omid:br/0630682501,2022-10-06,false,true
oci:06803950788-0630284957,omid:br/06803950788,omid:br/0630284957,2022-11-13,true,false
oci:061203534860-062502720844,omid:br/061203534860,omid:br/062502720844,2022-11-14,false,true
oci:062602990883-06120886308,omid:br/062602990883,omid:br/06120886308,2012-11-08,true,false
oci:062203485952-061402844871,omid:br/062203485952,omid:br/061402844871,2022-10-07,false,true
oci:06901499356-061302015176,omid:br/06901499356,omid:br/061302015176,2022-06,true,false
oci:06503949398-0630600947,omid:br/06503949398,omid:br/0630600947,2023-04,false,true
oci:06240872730-06901834066,omid:br/06240872730,omid:br/06901834066,2022-06-28,false,true
oci:062602798413-06601551257,omid:br/062602798413,omid:br/06601551257,2013-04,false,true
oci:06302831720-062601694486,omid:br/06302831720,omid:br/062601694486,2013-05,true,false
oci:06203901669-06150723418,omid:br/06203901669,omid:br/06150723418,2022,false,true
oci:062503119989-061401707282,omid:br/062503119989,omid:br/061401707282,2022-06,false,true
oci:06260405907-06190281786,omid:br/06260405907,omid:br/06190281786,2022-06-28,true,false
oci:062203534316-0623068350,omid:br/062203534316,omid:br/0623068350,2022-11-12,false,true
oci:06303926616-062103085496,omid:br/06303926616,omid:br/062103085496,2023-01,false,true
oci:062602990883-06140919089,omid:br/062602990883,omid:br/06140919089,2012-11-08,true,false
oci:06190725846-0650908967,omid:br/06190725846,omid:br/0650908967,2022-07-01,false,true
oci:0660610439-061402620508,omid:br/0660610439,omid:br/061402620508,2022-09,true,false
oci:06203904835-061501701532,omid:br/06203904835,omid:br/061501701532,2023-03,true,false
oci:062602330300-06103466192,omid:br/062602330300,omid:br/06103466192,2022-06-25,false,true
oci:06302831720-06502836446,omid:br/06302831720,omid:br/06502836446,2013-05,true,true
oci:06503914594-06801167801,omid:br/06503914594,omid:br/06801167801,2022-11,false,true
oci:06103914686-062502674089,omid:br/06103914686,omid:br/062502674089,2023-01,false,true
oci:061403522320-061701491408,omid:br/061403522320,omid:br/061701491408,2022-11-12,true,false
oci:062502307409-06501743080,omid:br/062502307409,omid:br/06501743080,2022,false,true
oci:062403522555-0680403188,omid:br/062403522555,omid:br/0680403188,2022-08-03,false,true
oci:062602990880-06220343053,omid:br/062602990880,omid:br/06220343053,2012-11-08,false,true
oci:061201804806-06240562640,omid:br/061201804806,omid:br/06240562640,2021-12-01,true,false
oci:061103556849-06150844673,omid:br/061103556849,omid:br/06150844673,2022-11-11,false,true
oci:062403538468-061103058791,omid:br/062403538468,omid:br/061103058791,2022-11-14,false,true
oci:06903459968-061201717724,omid:br/06903459968,omid:br/061201717724,2022-06-28,false,true
oci:06503931248-06703941347,omid:br/06503931248,omid:br/06703941347,2022-10-10,false,true
oci:061601366864-062301360920,omid:br/061601366864,omid:br/062301360920,2013-07,false,true
oci:06302831866-06901689960,omid:br/06302831866,omid:br/06901689960,2013-03,true,true
oci:06803950788-061902583035,omid:br/06803950788,omid:br/061902583035,2022-11-13,true,false
oci:06220788034-0640680784,omid:br/06220788034,omid:br/0640680784,2022-06-29,false,true
oci:062203538393-062102768545,omid:br/062203538393,omid:br/062102768545,2022-10-06,false,true
oci:06901660494-065301794,omid:br/06901660494,omid:br/065301794,2022-08,false,true
oci:062203427014-06501743856,omid:br/062203427014,omid:br/06501743856,2022-09,false,true
oci:06302831869-06101414903,omid:br/06302831869,omid:br/06101414903,2013-02,true,false
oci:064207645-06170481144,omid:br/064207645,omid:br/06170481144,2022-06-28,true,false
oci:06103948764-061901031695,omid:br/06103948764,omid:br/061901031695,2022-11-03,false,true
oci:06130769906-062301934553,omid:br/06130769906,omid:br/062301934553,2022-07-29,false,true
oci:062103472644-0690603311,omid:br/062103472644,omid:br/0690603311,2023-01,false,true
oci:06120391883-06301585270,omid:br/06120391883,omid:br/06301585270,2013-05,true,false
oci:0670460564-06130908436,omid:br/0670460564,omid:br/06130908436,2022-10,false,true
oci:06402603893-06501386142,omid:br/06402603893,omid:br/06501386142,2022-09,true,false
oci:0670918962-062302714802,omid:br/0670918962,omid:br/062302714802,2020-04-17,false,true
oci:061203286732-06190347151,omid:br/061203286732,omid:br/06190347151,2013-07,false,true
oci:06702354014-06703219549,omid:br/06702354014,omid:br/06703219549,2020,true,false
oci:06901499356-06402544597,omid:br/06901499356,omid:br/06402544597,2022-06,true,false
oci:062203514315-06180656760,omid:br/062203514315,omid:br/06180656760,2022-11,true,false
oci:061603559790-06170345065,omid:br/061603559790,omid:br/06170345065,2022-10-07,false,true
oci:06803950788-061203297699,omid:br/06803950788,omid:br/061203297699,2022-11-13,true,false
oci:061702616916-062501082176,omid:br/061702616916,omid:br/062501082176,2022-06-29,false,true
oci:061702616860-062101754371,omid:br/061702616860,omid:br/062101754371,2022-06-29,true,false
oci:062401937982-06250222274,omid:br/062401937982,omid:br/06250222274,2020-07,true,false
oci:06503457701-062402880813,omid:br/06503457701,omid:br/062402880813,2020-04-17,false,true
oci:06303511932-06170805962,omid:br/06303511932,omid:br/06170805962,2022-07,true,true
oci:06903561825-06101772413,omid:br/06903561825,omid:br/06101772413,2022-11-14,false,true
oci:061503490943-06140280120,omid:br/061503490943,omid:br/06140280120,2022-11,true,false
oci:06703902886-06603289354,omid:br/06703902886,omid:br/06603289354,2022-10-07,true,false
oci:06190281421-061801637630,omid:br/06190281421,omid:br/061801637630,2022-08,true,false
oci:06903576047-06803844952,omid:br/06903576047,omid:br/06803844952,2022-11-14,false,true
oci:06201397037-062401369267,omid:br/06201397037,omid:br/062401369267,2022-10,false,true
oci:06250301060-06901193294,omid:br/06250301060,omid:br/06901193294,2020,false,true
oci:06903536237-06180831817,omid:br/06903536237,omid:br/06180831817,2022-12,true,false
oci:06302831745-06201835595,omid:br/06302831745,omid:br/06201835595,2013-05,true,false
oci:06302831877-06501753400,omid:br/06302831877,omid:br/06501753400,2013-02,true,false
oci:062602671487-06220585147,omid:br/062602671487,omid:br/06220585147,2020,false,true
oci:0640290571-06260115261,omid:br/0640290571,omid:br/06260115261,2022-11,true,false
oci:061403416990-06210956380,omid:br/061403416990,omid:br/06210956380,2022-11,true,false
oci:0620984722-06120722850,omid:br/0620984722,omid:br/06120722850,2013-06,false,true
oci:061203525227-06401411418,omid:br/061203525227,omid:br/06401411418,2022-08,false,true
oci:061403530345-06250720402,omid:br/061403530345,omid:br/06250720402,2022-10-05,false,true
oci:0630322048-061902011817,omid:br/0630322048,omid:br/061902011817,2022-07,false,true
oci:061402065931-06602349698,omid:br/061402065931,omid:br/06602349698,2022-06-30,true,false
oci:06603208818-0650229887,omid:br/06603208818,omid:br/0650229887,2013-01-10,true,false
oci:06703902886-061901065797,omid:br/06703902886,omid:br/061901065797,2022-10-07,true,false
oci:06180534310-0644011970,omid:br/06180534310,omid:br/0644011970,2020-07,true,false
oci:061803485755-0636032402,omid:br/061803485755,omid:br/0636032402,2023-03,true,false
oci:06503931595-06201733910,omid:br/06503931595,omid:br/06201733910,2022-07-01,false,true
oci:064207645-06902801756,omid:br/064207645,omid:br/06902801756,2022-06-28,true,false
oci:061703546187-06201423578,omid:br/061703546187,omid:br/06201423578,2022-10-06,false,true
oci:062602990883-061102202437,omid:br/062602990883,omid:br/061102202437,2012-11-08,true,false
oci:06302831941-06402837206,omid:br/06302831941,omid:br/06402837206,2013-01,false,true
oci:06180534310-06110362003,omid:br/06180534310,omid:br/06110362003,2020-07,true,false
oci:06803455718-061201734008,omid:br/06803455718,omid:br/061201734008,2022-11,false,true
oci:061203536245-061502089348,omid:br/061203536245,omid:br/061502089348,2022-10-07,false,true
oci:062203514315-06170190501,omid:br/062203514315,omid:br/06170190501,2022-11,true,false
oci:062203514315-062601765639,omid:br/062203514315,omid:br/062601765639,2022-11,true,false
oci:06403954038-06130889399,omid:br/06403954038,omid:br/06130889399,2023-01,true,false
oci:062603505871-061102773688,omid:br/062603505871,omid:br/061102773688,2022-12,true,false
oci:06203904835-06702774049,omid:br/06203904835,omid:br/06702774049,2023-03,true,false
oci:0640290571-06502241270,omid:br/0640290571,omid:br/06502241270,2022-11,true,false
oci:061202325966-0637021485,omid:br/061202325966,omid:br/0637021485,2022,false,true
oci:061203540058-06203037828,omid:br/061203540058,omid:br/06203037828,2022-11-12,true,false
oci:06103957751-061501295407,omid:br/06103957751,omid:br/061501295407,2022-11-14,false,true
oci:061403541950-06102353191,omid:br/061403541950,omid:br/06102353191,2022-10,false,true
oci:062103519040-06703037387,omid:br/062103519040,omid:br/06703037387,2022-12,false,true
oci:062403499499-061402836971,omid:br/062403499499,omid:br/061402836971,2022-10,false,true
oci:062103512515-06603296971,omid:br/062103512515,omid:br/06603296971,2022-01,false,true
oci:06302831810-06301834646,omid:br/06302831810,omid:br/06301834646,2013-03,true,true
oci:061903509920-06240999199,omid:br/061903509920,omid:br/06240999199,2022-10-01,false,true
oci:061403530304-061701039257,omid:br/061403530304,omid:br/061701039257,2022-10-07,true,false
oci:061203545885-06401278855,omid:br/061203545885,omid:br/06401278855,2022-11-12,true,false
oci:062401937982-06120452660,omid:br/062401937982,omid:br/06120452660,2020-07,true,false
oci:061702878825-061702396319,omid:br/061702878825,omid:br/061702396319,2022-09-30,false,true
oci:06903563800-061201628764,omid:br/06903563800,omid:br/061201628764,2022-10-05,false,true
oci:06302831869-06701822960,omid:br/06302831869,omid:br/06701822960,2013-02,true,false
oci:0660434388-064601231,omid:br/0660434388,omid:br/064601231,2020-04-02,false,true
oci:061803485755-0638030967,omid:br/061803485755,omid:br/0638030967,2023-03,true,false
oci:06302831764-06801673899,omid:br/06302831764,omid:br/06801673899,2013-04,false,true
oci:06901499356-06601651414,omid:br/06901499356,omid:br/06601651414,2022-06,true,false
oci:06302831810-06702813017,omid:br/06302831810,omid:br/06702813017,2013-03,true,false
oci:061502445696-06401851403,omid:br/061502445696,omid:br/06401851403,2013-06,true,false
oci:061601366884-06250161210,omid:br/061601366884,omid:br/06250161210,2013-05,false,true
